-- MySQL dump 10.13  Distrib 8.0.23, for Win64 (x86_64)
--
-- Host: localhost    Database: finance
-- ------------------------------------------------------
-- Server version	8.0.23

/*!40101 SET @OLD_CHARACTER_SET_CLIENT=@@CHARACTER_SET_CLIENT */;
/*!40101 SET @OLD_CHARACTER_SET_RESULTS=@@CHARACTER_SET_RESULTS */;
/*!40101 SET @OLD_COLLATION_CONNECTION=@@COLLATION_CONNECTION */;
/*!50503 SET NAMES utf8 */;
/*!40103 SET @OLD_TIME_ZONE=@@TIME_ZONE */;
/*!40103 SET TIME_ZONE='+00:00' */;
/*!40014 SET @OLD_UNIQUE_CHECKS=@@UNIQUE_CHECKS, UNIQUE_CHECKS=0 */;
/*!40014 SET @OLD_FOREIGN_KEY_CHECKS=@@FOREIGN_KEY_CHECKS, FOREIGN_KEY_CHECKS=0 */;
/*!40101 SET @OLD_SQL_MODE=@@SQL_MODE, SQL_MODE='NO_AUTO_VALUE_ON_ZERO' */;
/*!40111 SET @OLD_SQL_NOTES=@@SQL_NOTES, SQL_NOTES=0 */;

--
-- Temporary view structure for view `accountbalanceview`
--

DROP TABLE IF EXISTS `accountbalanceview`;
/*!50001 DROP VIEW IF EXISTS `accountbalanceview`*/;
SET @saved_cs_client     = @@character_set_client;
/*!50503 SET character_set_client = utf8mb4 */;
/*!50001 CREATE VIEW `accountbalanceview` AS SELECT 
 1 AS `idaccount`,
 1 AS `accountName`,
 1 AS `totalMoney`*/;
SET character_set_client = @saved_cs_client;

--
-- Table structure for table `accounts`
--

DROP TABLE IF EXISTS `accounts`;
/*!40101 SET @saved_cs_client     = @@character_set_client */;
/*!50503 SET character_set_client = utf8mb4 */;
CREATE TABLE `accounts` (
  `idaccount` int NOT NULL AUTO_INCREMENT,
  `accountName` varchar(100) DEFAULT NULL,
  PRIMARY KEY (`idaccount`),
  UNIQUE KEY `accountName_UNIQUE` (`accountName`)
) ENGINE=InnoDB AUTO_INCREMENT=30 DEFAULT CHARSET=utf8mb4 COLLATE=utf8mb4_0900_ai_ci COMMENT='一级账户';
/*!40101 SET character_set_client = @saved_cs_client */;

--
-- Dumping data for table `accounts`
--

LOCK TABLES `accounts` WRITE;
/*!40000 ALTER TABLE `accounts` DISABLE KEYS */;
INSERT INTO `accounts` VALUES (3,'信用卡'),(4,'投资账户'),(1,'现金账户'),(5,'虚拟账户'),(2,'金融账户');
/*!40000 ALTER TABLE `accounts` ENABLE KEYS */;
UNLOCK TABLES;

--
-- Temporary view structure for view `assetsview`
--

DROP TABLE IF EXISTS `assetsview`;
/*!50001 DROP VIEW IF EXISTS `assetsview`*/;
SET @saved_cs_client     = @@character_set_client;
/*!50503 SET character_set_client = utf8mb4 */;
/*!50001 CREATE VIEW `assetsview` AS SELECT 
 1 AS `last_day_of_month_str`,
 1 AS `cumulative_total`*/;
SET character_set_client = @saved_cs_client;

--
-- Temporary view structure for view `bankview`
--

DROP TABLE IF EXISTS `bankview`;
/*!50001 DROP VIEW IF EXISTS `bankview`*/;
SET @saved_cs_client     = @@character_set_client;
/*!50503 SET character_set_client = utf8mb4 */;
/*!50001 CREATE VIEW `bankview` AS SELECT 
 1 AS `cleaned_subaccountName`*/;
SET character_set_client = @saved_cs_client;

--
-- Table structure for table `classification`
--

DROP TABLE IF EXISTS `classification`;
/*!40101 SET @saved_cs_client     = @@character_set_client */;
/*!50503 SET character_set_client = utf8mb4 */;
CREATE TABLE `classification` (
  `idclassification` int NOT NULL AUTO_INCREMENT,
  `classificationName` varchar(100) DEFAULT NULL,
  `flag` varchar(3) DEFAULT NULL,
  PRIMARY KEY (`idclassification`)
) ENGINE=InnoDB AUTO_INCREMENT=25 DEFAULT CHARSET=utf8mb4 COLLATE=utf8mb4_0900_ai_ci COMMENT='一级支出（收入）分类';
/*!40101 SET character_set_client = @saved_cs_client */;

--
-- Dumping data for table `classification`
--

LOCK TABLES `classification` WRITE;
/*!40000 ALTER TABLE `classification` DISABLE KEYS */;
INSERT INTO `classification` VALUES (1,'食品酒水','out'),(2,'消费购物','out'),(3,'居家生活','out'),(4,'行车交通','out'),(5,'交流通讯','out'),(6,'休闲娱乐','out'),(7,'人情费用','out'),(8,'宝宝费用','out'),(9,'出差旅游','out'),(10,'金融保险','out'),(11,'医疗教育','out'),(12,'装修费用','out'),(13,'其他杂项','out'),(14,'职业收入','in'),(15,'人情收入','in'),(16,'其他收入','in');
/*!40000 ALTER TABLE `classification` ENABLE KEYS */;
UNLOCK TABLES;

--
-- Table structure for table `flowfunds`
--

DROP TABLE IF EXISTS `flowfunds`;
/*!40101 SET @saved_cs_client     = @@character_set_client */;
/*!50503 SET character_set_client = utf8mb4 */;
CREATE TABLE `flowfunds` (
  `idflowfunds` int NOT NULL AUTO_INCREMENT,
  `idaccount` int DEFAULT NULL,
  `idsubaccount` int DEFAULT NULL,
  `idclassification` int DEFAULT NULL,
  `idsubclassification` int DEFAULT NULL,
  `money` double DEFAULT NULL,
  `beizhu` varchar(200) DEFAULT NULL,
  `chargeDateTime` datetime DEFAULT NULL,
  PRIMARY KEY (`idflowfunds`)
) ENGINE=InnoDB AUTO_INCREMENT=2444 DEFAULT CHARSET=utf8mb4 COLLATE=utf8mb4_0900_ai_ci;
/*!40101 SET character_set_client = @saved_cs_client */;

--
-- Dumping data for table `flowfunds`
--

LOCK TABLES `flowfunds` WRITE;
/*!40000 ALTER TABLE `flowfunds` DISABLE KEYS */;
INSERT INTO `flowfunds` VALUES (1189,3,9,1,150,-7,NULL,'2023-01-01 00:00:00'),(1190,3,9,1,151,-22.35,NULL,'2023-01-01 00:00:00'),(1191,3,9,1,152,-29.12,NULL,'2023-01-01 00:00:00'),(1192,3,9,1,150,-3.94,NULL,'2023-01-02 00:00:00'),(1193,3,9,1,151,-19.83,NULL,'2023-01-02 00:00:00'),(1194,3,9,1,152,-21.74,NULL,'2023-01-02 00:00:00'),(1195,3,9,1,150,-5.47,NULL,'2023-01-03 00:00:00'),(1196,3,9,1,151,-16.98,NULL,'2023-01-03 00:00:00'),(1197,3,9,1,152,-24.31,NULL,'2023-01-03 00:00:00'),(1198,3,9,1,150,-7.52,NULL,'2023-01-04 00:00:00'),(1199,3,9,1,151,-24.01,NULL,'2023-01-04 00:00:00'),(1200,3,9,1,152,-17.83,NULL,'2023-01-04 00:00:00'),(1201,3,9,1,150,-4.36,NULL,'2023-01-05 00:00:00'),(1202,3,9,1,151,-21.71,NULL,'2023-01-05 00:00:00'),(1203,3,9,1,152,-27.45,NULL,'2023-01-05 00:00:00'),(1204,3,9,1,150,-2.84,NULL,'2023-01-06 00:00:00'),(1205,3,9,1,151,-18.97,NULL,'2023-01-06 00:00:00'),(1206,3,9,1,152,-22.86,NULL,'2023-01-06 00:00:00'),(1207,3,9,1,150,-7.91,NULL,'2023-01-07 00:00:00'),(1208,3,9,1,151,-20.49,NULL,'2023-01-07 00:00:00'),(1209,3,9,1,152,-28.17,NULL,'2023-01-07 00:00:00'),(1210,3,9,1,150,-3.28,NULL,'2023-01-08 00:00:00'),(1211,3,9,1,151,-15.73,NULL,'2023-01-08 00:00:00'),(1212,3,9,1,152,-26.04,NULL,'2023-01-08 00:00:00'),(1213,3,9,1,150,-6.5,NULL,'2023-01-09 00:00:00'),(1214,3,9,1,151,-19.32,NULL,'2023-01-09 00:00:00'),(1215,3,9,1,152,-19.98,NULL,'2023-01-09 00:00:00'),(1216,3,9,1,150,-4.86,NULL,'2023-01-10 00:00:00'),(1217,3,9,1,151,-23.57,NULL,'2023-01-10 00:00:00'),(1218,3,9,1,152,-24.75,NULL,'2023-01-10 00:00:00'),(1219,3,9,1,150,-7.15,NULL,'2023-01-11 00:00:00'),(1220,3,9,1,151,-16.26,NULL,'2023-01-11 00:00:00'),(1221,3,9,1,152,-16.33,NULL,'2023-01-11 00:00:00'),(1222,3,9,1,150,-3.59,NULL,'2023-01-12 00:00:00'),(1223,3,9,1,151,-22.75,NULL,'2023-01-12 00:00:00'),(1224,3,9,1,152,-29.58,NULL,'2023-01-12 00:00:00'),(1225,3,9,1,150,-5.02,NULL,'2023-01-13 00:00:00'),(1226,3,9,1,151,-18.54,NULL,'2023-01-13 00:00:00'),(1227,3,9,1,152,-21.37,NULL,'2023-01-13 00:00:00'),(1228,3,9,1,150,-7.44,NULL,'2023-01-14 00:00:00'),(1229,3,9,1,151,-17.77,NULL,'2023-01-14 00:00:00'),(1230,3,9,1,152,-28.46,NULL,'2023-01-14 00:00:00'),(1231,3,9,1,150,-2.63,NULL,'2023-01-15 00:00:00'),(1232,3,9,1,151,-24.95,NULL,'2023-01-15 00:00:00'),(1233,3,9,1,152,-15.94,NULL,'2023-01-15 00:00:00'),(1234,3,9,1,150,-6.17,NULL,'2023-01-16 00:00:00'),(1235,3,9,1,151,-16.69,NULL,'2023-01-16 00:00:00'),(1236,3,9,1,152,-27.08,NULL,'2023-01-16 00:00:00'),(1237,3,9,1,150,-3.81,NULL,'2023-01-17 00:00:00'),(1238,3,9,1,151,-21.23,NULL,'2023-01-17 00:00:00'),(1239,3,9,1,152,-23.22,NULL,'2023-01-17 00:00:00'),(1240,3,9,1,150,-8,NULL,'2023-01-18 00:00:00'),(1241,3,9,1,151,-19.1,NULL,'2023-01-18 00:00:00'),(1242,3,9,1,152,-25.57,NULL,'2023-01-18 00:00:00'),(1243,3,9,1,150,-4.42,NULL,'2023-01-19 00:00:00'),(1244,3,9,1,151,-15.53,NULL,'2023-01-19 00:00:00'),(1245,3,9,1,152,-29.25,NULL,'2023-01-19 00:00:00'),(1246,3,9,1,150,-5.76,NULL,'2023-01-20 00:00:00'),(1247,3,9,1,151,-23.88,NULL,'2023-01-20 00:00:00'),(1248,3,9,1,152,-17.64,NULL,'2023-01-20 00:00:00'),(1249,3,9,1,150,-3.05,NULL,'2023-01-21 00:00:00'),(1250,3,9,1,151,-18.36,NULL,'2023-01-21 00:00:00'),(1251,3,9,1,152,-22.59,NULL,'2023-01-21 00:00:00'),(1252,3,9,1,150,-7.24,NULL,'2023-01-22 00:00:00'),(1253,3,9,1,151,-22.07,NULL,'2023-01-22 00:00:00'),(1254,3,9,1,152,-28.78,NULL,'2023-01-22 00:00:00'),(1255,3,9,1,150,-4.95,NULL,'2023-01-23 00:00:00'),(1256,3,9,1,151,-17.22,NULL,'2023-01-23 00:00:00'),(1257,3,9,1,152,-20.66,NULL,'2023-01-23 00:00:00'),(1258,3,9,1,150,-6.88,NULL,'2023-01-24 00:00:00'),(1259,3,9,1,151,-19.55,NULL,'2023-01-24 00:00:00'),(1260,3,9,1,152,-29.89,NULL,'2023-01-24 00:00:00'),(1261,3,9,1,150,-2.98,NULL,'2023-01-25 00:00:00'),(1262,3,9,1,151,-15.87,NULL,'2023-01-25 00:00:00'),(1263,3,9,1,152,-19.42,NULL,'2023-01-25 00:00:00'),(1264,3,9,1,150,-5.34,NULL,'2023-01-26 00:00:00'),(1265,3,9,1,151,-24.46,NULL,'2023-01-26 00:00:00'),(1266,3,9,1,152,-27.77,NULL,'2023-01-26 00:00:00'),(1267,3,9,1,150,-3.7,NULL,'2023-01-27 00:00:00'),(1268,3,9,1,151,-16.45,NULL,'2023-01-27 00:00:00'),(1269,3,9,1,152,-21.1,NULL,'2023-01-27 00:00:00'),(1270,3,9,1,150,-7.67,NULL,'2023-01-28 00:00:00'),(1271,3,9,1,151,-20.94,NULL,'2023-01-28 00:00:00'),(1272,3,9,1,152,-28.33,NULL,'2023-01-28 00:00:00'),(1273,3,9,1,150,-4.15,NULL,'2023-01-29 00:00:00'),(1274,3,9,1,151,-18.08,NULL,'2023-01-29 00:00:00'),(1275,3,9,1,152,-23.95,NULL,'2023-01-29 00:00:00'),(1276,3,9,1,150,-6.31,NULL,'2023-01-30 00:00:00'),(1277,3,9,1,151,-23.3,NULL,'2023-01-30 00:00:00'),(1278,3,9,1,152,-16.91,NULL,'2023-01-30 00:00:00'),(1279,3,9,1,150,-3.47,NULL,'2023-01-31 00:00:00'),(1280,3,9,1,151,-19.72,NULL,'2023-01-31 00:00:00'),(1281,3,9,1,152,-26.61,NULL,'2023-01-31 00:00:00'),(1282,3,9,1,150,-7.7,NULL,'2023-02-01 00:00:00'),(1283,3,9,1,151,-22.88,NULL,'2023-02-01 00:00:00'),(1284,3,9,1,152,-29.8,NULL,'2023-02-01 00:00:00'),(1285,3,9,1,150,-4.85,NULL,'2023-02-02 00:00:00'),(1286,3,9,1,151,-20.36,NULL,'2023-02-02 00:00:00'),(1287,3,9,1,152,-22.42,NULL,'2023-02-02 00:00:00'),(1288,3,9,1,150,-6.22,NULL,'2023-02-03 00:00:00'),(1289,3,9,1,151,-17.21,NULL,'2023-02-03 00:00:00'),(1290,3,9,1,152,-25.26,NULL,'2023-02-03 00:00:00'),(1291,3,9,1,150,-8.28,NULL,'2023-02-04 00:00:00'),(1292,3,9,1,151,-24.23,NULL,'2023-02-04 00:00:00'),(1293,3,9,1,152,-18.14,NULL,'2023-02-04 00:00:00'),(1294,3,9,1,150,-4.55,NULL,'2023-02-05 00:00:00'),(1295,3,9,1,151,-21.79,NULL,'2023-02-05 00:00:00'),(1296,3,9,1,152,-27.58,NULL,'2023-02-05 00:00:00'),(1297,3,9,1,150,-2.88,NULL,'2023-02-06 00:00:00'),(1298,3,9,1,151,-18.98,NULL,'2023-02-06 00:00:00'),(1299,3,9,1,152,-23.2,NULL,'2023-02-06 00:00:00'),(1300,3,9,1,150,-8.58,NULL,'2023-02-07 00:00:00'),(1301,3,9,1,151,-20.83,NULL,'2023-02-07 00:00:00'),(1302,3,9,1,152,-28.93,NULL,'2023-02-07 00:00:00'),(1303,3,9,1,150,-3.86,NULL,'2023-02-08 00:00:00'),(1304,3,9,1,151,-15.9,NULL,'2023-02-08 00:00:00'),(1305,3,9,1,152,-26.6,NULL,'2023-02-08 00:00:00'),(1306,3,9,1,150,-6.91,NULL,'2023-02-09 00:00:00'),(1307,3,9,1,151,-19.33,NULL,'2023-02-09 00:00:00'),(1308,3,9,1,152,-20.44,NULL,'2023-02-09 00:00:00'),(1309,3,9,1,150,-5.38,NULL,'2023-02-10 00:00:00'),(1310,3,9,1,151,-24.11,NULL,'2023-02-10 00:00:00'),(1311,3,9,1,152,-25.06,NULL,'2023-02-10 00:00:00'),(1312,3,9,1,150,-7.82,NULL,'2023-02-11 00:00:00'),(1313,3,9,1,151,-17.21,NULL,'2023-02-11 00:00:00'),(1314,3,9,1,152,-17.1,NULL,'2023-02-11 00:00:00'),(1315,3,9,1,150,-3.8,NULL,'2023-02-12 00:00:00'),(1316,3,9,1,151,-23.51,NULL,'2023-02-12 00:00:00'),(1317,3,9,1,152,-30.54,NULL,'2023-02-12 00:00:00'),(1318,3,9,1,150,-5.32,NULL,'2023-02-13 00:00:00'),(1319,3,9,1,151,-19.22,NULL,'2023-02-13 00:00:00'),(1320,3,9,1,152,-21.53,NULL,'2023-02-13 00:00:00'),(1321,3,9,1,150,-8.43,NULL,'2023-02-14 00:00:00'),(1322,3,9,1,151,-18.13,NULL,'2023-02-14 00:00:00'),(1323,3,9,1,152,-28.75,NULL,'2023-02-14 00:00:00'),(1324,3,9,1,150,-3.58,NULL,'2023-02-15 00:00:00'),(1325,3,9,1,151,-25.29,NULL,'2023-02-15 00:00:00'),(1326,3,9,1,152,-16.29,NULL,'2023-02-15 00:00:00'),(1327,3,9,1,150,-7.07,NULL,'2023-02-16 00:00:00'),(1328,3,9,1,151,-17.38,NULL,'2023-02-16 00:00:00'),(1329,3,9,1,152,-27.42,NULL,'2023-02-16 00:00:00'),(1330,3,9,1,150,-4.32,NULL,'2023-02-17 00:00:00'),(1331,3,9,1,151,-22.2,NULL,'2023-02-17 00:00:00'),(1332,3,9,1,152,-23.22,NULL,'2023-02-17 00:00:00'),(1333,3,9,1,150,-8.72,NULL,'2023-02-18 00:00:00'),(1334,3,9,1,151,-19.82,NULL,'2023-02-18 00:00:00'),(1335,3,9,1,152,-26.46,NULL,'2023-02-18 00:00:00'),(1336,3,9,1,150,-5.39,NULL,'2023-02-19 00:00:00'),(1337,3,9,1,151,-16.25,NULL,'2023-02-19 00:00:00'),(1338,3,9,1,152,-30.12,NULL,'2023-02-19 00:00:00'),(1339,3,9,1,150,-5.97,NULL,'2023-02-20 00:00:00'),(1340,3,9,1,151,-24.5,NULL,'2023-02-20 00:00:00'),(1341,3,9,1,152,-18.03,NULL,'2023-02-20 00:00:00'),(1342,3,9,1,150,-3.94,NULL,'2023-02-21 00:00:00'),(1343,3,9,1,151,-18.81,NULL,'2023-02-21 00:00:00'),(1344,3,9,1,152,-23.27,NULL,'2023-02-21 00:00:00'),(1345,3,9,1,150,-7.92,NULL,'2023-02-22 00:00:00'),(1346,3,9,1,151,-22.76,NULL,'2023-02-22 00:00:00'),(1347,3,9,1,152,-29.11,NULL,'2023-02-22 00:00:00'),(1348,3,9,1,150,-5.84,NULL,'2023-02-23 00:00:00'),(1349,3,9,1,151,-17.64,NULL,'2023-02-23 00:00:00'),(1350,3,9,1,152,-20.86,NULL,'2023-02-23 00:00:00'),(1351,3,9,1,150,-7.72,NULL,'2023-02-24 00:00:00'),(1352,3,9,1,151,-20.36,NULL,'2023-02-24 00:00:00'),(1353,3,9,1,152,-30.11,NULL,'2023-02-24 00:00:00'),(1354,3,9,1,150,-2.98,NULL,'2023-02-25 00:00:00'),(1355,3,9,1,151,-15.99,NULL,'2023-02-25 00:00:00'),(1356,3,9,1,152,-19.8,NULL,'2023-02-25 00:00:00'),(1357,3,9,1,150,-6.32,NULL,'2023-02-26 00:00:00'),(1358,3,9,1,151,-25.06,NULL,'2023-02-26 00:00:00'),(1359,3,9,1,152,-28.72,NULL,'2023-02-26 00:00:00'),(1360,3,9,1,150,-4.14,NULL,'2023-02-27 00:00:00'),(1361,3,9,1,151,-16.78,NULL,'2023-02-27 00:00:00'),(1362,3,9,1,152,-21.59,NULL,'2023-02-27 00:00:00'),(1363,3,9,1,150,-8.1,NULL,'2023-02-28 00:00:00'),(1364,3,9,1,151,-21.61,NULL,'2023-02-28 00:00:00'),(1365,3,9,1,152,-28.38,NULL,'2023-02-28 00:00:00'),(1366,3,9,1,150,-6.79,NULL,'2023-03-01 00:00:00'),(1367,3,9,1,151,-22.35,NULL,'2023-03-01 00:00:00'),(1368,3,9,1,152,-29.12,NULL,'2023-03-01 00:00:00'),(1369,3,9,1,150,-3.94,NULL,'2023-03-02 00:00:00'),(1370,3,9,1,151,-19.83,NULL,'2023-03-02 00:00:00'),(1371,3,9,1,152,-21.74,NULL,'2023-03-02 00:00:00'),(1372,3,9,1,150,-5.47,NULL,'2023-03-03 00:00:00'),(1373,3,9,1,151,-16.98,NULL,'2023-03-03 00:00:00'),(1374,3,9,1,152,-24.31,NULL,'2023-03-03 00:00:00'),(1375,3,9,1,150,-7.52,NULL,'2023-03-04 00:00:00'),(1376,3,9,1,151,-24.01,NULL,'2023-03-04 00:00:00'),(1377,3,9,1,152,-17.83,NULL,'2023-03-04 00:00:00'),(1378,3,9,1,150,-4.36,NULL,'2023-03-05 00:00:00'),(1379,3,9,1,151,-21.71,NULL,'2023-03-05 00:00:00'),(1380,3,9,1,152,-27.45,NULL,'2023-03-05 00:00:00'),(1381,3,9,1,150,-2.84,NULL,'2023-03-06 00:00:00'),(1382,3,9,1,151,-18.97,NULL,'2023-03-06 00:00:00'),(1383,3,9,1,152,-22.86,NULL,'2023-03-06 00:00:00'),(1384,3,9,1,150,-7.91,NULL,'2023-03-07 00:00:00'),(1385,3,9,1,151,-20.49,NULL,'2023-03-07 00:00:00'),(1386,3,9,1,152,-28.17,NULL,'2023-03-07 00:00:00'),(1387,3,9,1,150,-3.28,NULL,'2023-03-08 00:00:00'),(1388,3,9,1,151,-15.73,NULL,'2023-03-08 00:00:00'),(1389,3,9,1,152,-26.04,NULL,'2023-03-08 00:00:00'),(1390,3,9,1,150,-6.5,NULL,'2023-03-09 00:00:00'),(1391,3,9,1,151,-19.32,NULL,'2023-03-09 00:00:00'),(1392,3,9,1,152,-19.98,NULL,'2023-03-09 00:00:00'),(1393,3,9,1,150,-4.86,NULL,'2023-03-10 00:00:00'),(1394,3,9,1,151,-23.57,NULL,'2023-03-10 00:00:00'),(1395,3,9,1,152,-24.75,NULL,'2023-03-10 00:00:00'),(1396,3,9,1,150,-7.15,NULL,'2023-03-11 00:00:00'),(1397,3,9,1,151,-16.26,NULL,'2023-03-11 00:00:00'),(1398,3,9,1,152,-16.33,NULL,'2023-03-11 00:00:00'),(1399,3,9,1,150,-3.59,NULL,'2023-03-12 00:00:00'),(1400,3,9,1,151,-22.75,NULL,'2023-03-12 00:00:00'),(1401,3,9,1,152,-29.58,NULL,'2023-03-12 00:00:00'),(1402,3,9,1,150,-5.02,NULL,'2023-03-13 00:00:00'),(1403,3,9,1,151,-18.54,NULL,'2023-03-13 00:00:00'),(1404,3,9,1,152,-21.37,NULL,'2023-03-13 00:00:00'),(1405,3,9,1,150,-7.44,NULL,'2023-03-14 00:00:00'),(1406,3,9,1,151,-17.77,NULL,'2023-03-14 00:00:00'),(1407,3,9,1,152,-28.46,NULL,'2023-03-14 00:00:00'),(1408,3,9,1,150,-2.63,NULL,'2023-03-15 00:00:00'),(1409,3,9,1,151,-24.95,NULL,'2023-03-15 00:00:00'),(1410,3,9,1,152,-15.94,NULL,'2023-03-15 00:00:00'),(1411,3,9,1,150,-6.17,NULL,'2023-03-16 00:00:00'),(1412,3,9,1,151,-16.69,NULL,'2023-03-16 00:00:00'),(1413,3,9,1,152,-27.08,NULL,'2023-03-16 00:00:00'),(1414,3,9,1,150,-3.81,NULL,'2023-03-17 00:00:00'),(1415,3,9,1,151,-21.23,NULL,'2023-03-17 00:00:00'),(1416,3,9,1,152,-23.22,NULL,'2023-03-17 00:00:00'),(1417,3,9,1,150,-8,NULL,'2023-03-18 00:00:00'),(1418,3,9,1,151,-19.1,NULL,'2023-03-18 00:00:00'),(1419,3,9,1,152,-25.57,NULL,'2023-03-18 00:00:00'),(1420,3,9,1,150,-4.42,NULL,'2023-03-19 00:00:00'),(1421,3,9,1,151,-15.53,NULL,'2023-03-19 00:00:00'),(1422,3,9,1,152,-29.25,NULL,'2023-03-19 00:00:00'),(1423,3,9,1,150,-5.76,NULL,'2023-03-20 00:00:00'),(1424,3,9,1,151,-23.88,NULL,'2023-03-20 00:00:00'),(1425,3,9,1,152,-17.64,NULL,'2023-03-20 00:00:00'),(1426,3,9,1,150,-3.05,NULL,'2023-03-21 00:00:00'),(1427,3,9,1,151,-18.36,NULL,'2023-03-21 00:00:00'),(1428,3,9,1,152,-22.59,NULL,'2023-03-21 00:00:00'),(1429,3,9,1,150,-7.24,NULL,'2023-03-22 00:00:00'),(1430,3,9,1,151,-22.07,NULL,'2023-03-22 00:00:00'),(1431,3,9,1,152,-28.78,NULL,'2023-03-22 00:00:00'),(1432,3,9,1,150,-4.95,NULL,'2023-03-23 00:00:00'),(1433,3,9,1,151,-17.22,NULL,'2023-03-23 00:00:00'),(1434,3,9,1,152,-20.66,NULL,'2023-03-23 00:00:00'),(1435,3,9,1,150,-6.88,NULL,'2023-03-24 00:00:00'),(1436,3,9,1,151,-19.55,NULL,'2023-03-24 00:00:00'),(1437,3,9,1,152,-29.89,NULL,'2023-03-24 00:00:00'),(1438,3,9,1,150,-2.98,NULL,'2023-03-25 00:00:00'),(1439,3,9,1,151,-15.87,NULL,'2023-03-25 00:00:00'),(1440,3,9,1,152,-19.42,NULL,'2023-03-25 00:00:00'),(1441,3,9,1,150,-5.34,NULL,'2023-03-26 00:00:00'),(1442,3,9,1,151,-24.46,NULL,'2023-03-26 00:00:00'),(1443,3,9,1,152,-27.77,NULL,'2023-03-26 00:00:00'),(1444,3,9,1,150,-3.7,NULL,'2023-03-27 00:00:00'),(1445,3,9,1,151,-16.45,NULL,'2023-03-27 00:00:00'),(1446,3,9,1,152,-21.1,NULL,'2023-03-27 00:00:00'),(1447,3,9,1,150,-7.67,NULL,'2023-03-28 00:00:00'),(1448,3,9,1,151,-20.94,NULL,'2023-03-28 00:00:00'),(1449,3,9,1,152,-28.33,NULL,'2023-03-28 00:00:00'),(1450,3,9,1,150,-4.15,NULL,'2023-03-29 00:00:00'),(1451,3,9,1,151,-18.08,NULL,'2023-03-29 00:00:00'),(1452,3,9,1,152,-23.95,NULL,'2023-03-29 00:00:00'),(1453,3,9,1,150,-6.31,NULL,'2023-03-30 00:00:00'),(1454,3,9,1,151,-23.3,NULL,'2023-03-30 00:00:00'),(1455,3,9,1,152,-16.91,NULL,'2023-03-30 00:00:00'),(1456,3,9,1,150,-3.47,NULL,'2023-03-31 00:00:00'),(1457,3,9,1,151,-19.72,NULL,'2023-03-31 00:00:00'),(1458,3,9,1,152,-26.61,NULL,'2023-03-31 00:00:00'),(1459,3,9,1,150,-6.49,NULL,'2023-04-01 00:00:00'),(1460,3,9,1,151,-22.05,NULL,'2023-04-01 00:00:00'),(1461,3,9,1,152,-28.82,NULL,'2023-04-01 00:00:00'),(1462,3,9,1,150,-3.64,NULL,'2023-04-02 00:00:00'),(1463,3,9,1,151,-19.53,NULL,'2023-04-02 00:00:00'),(1464,3,9,1,152,-21.44,NULL,'2023-04-02 00:00:00'),(1465,3,9,1,150,-5.17,NULL,'2023-04-03 00:00:00'),(1466,3,9,1,151,-16.68,NULL,'2023-04-03 00:00:00'),(1467,3,9,1,152,-24.01,NULL,'2023-04-03 00:00:00'),(1468,3,9,1,150,-7.22,NULL,'2023-04-04 00:00:00'),(1469,3,9,1,151,-23.71,NULL,'2023-04-04 00:00:00'),(1470,3,9,1,152,-17.53,NULL,'2023-04-04 00:00:00'),(1471,3,9,1,150,-4.06,NULL,'2023-04-05 00:00:00'),(1472,3,9,1,151,-21.41,NULL,'2023-04-05 00:00:00'),(1473,3,9,1,152,-27.15,NULL,'2023-04-05 00:00:00'),(1474,3,9,1,150,-2.54,NULL,'2023-04-06 00:00:00'),(1475,3,9,1,151,-18.67,NULL,'2023-04-06 00:00:00'),(1476,3,9,1,152,-22.56,NULL,'2023-04-06 00:00:00'),(1477,3,9,1,150,-7.61,NULL,'2023-04-07 00:00:00'),(1478,3,9,1,151,-20.19,NULL,'2023-04-07 00:00:00'),(1479,3,9,1,152,-27.87,NULL,'2023-04-07 00:00:00'),(1480,3,9,1,150,-2.98,NULL,'2023-04-08 00:00:00'),(1481,3,9,1,151,-15.43,NULL,'2023-04-08 00:00:00'),(1482,3,9,1,152,-25.74,NULL,'2023-04-08 00:00:00'),(1483,3,9,1,150,-6.2,NULL,'2023-04-09 00:00:00'),(1484,3,9,1,151,-19.02,NULL,'2023-04-09 00:00:00'),(1485,3,9,1,152,-19.68,NULL,'2023-04-09 00:00:00'),(1486,3,9,1,150,-4.56,NULL,'2023-04-10 00:00:00'),(1487,3,9,1,151,-23.27,NULL,'2023-04-10 00:00:00'),(1488,3,9,1,152,-24.45,NULL,'2023-04-10 00:00:00'),(1489,3,9,1,150,-6.85,NULL,'2023-04-11 00:00:00'),(1490,3,9,1,151,-15.96,NULL,'2023-04-11 00:00:00'),(1491,3,9,1,152,-16.03,NULL,'2023-04-11 00:00:00'),(1492,3,9,1,150,-3.29,NULL,'2023-04-12 00:00:00'),(1493,3,9,1,151,-22.45,NULL,'2023-04-12 00:00:00'),(1494,3,9,1,152,-29.28,NULL,'2023-04-12 00:00:00'),(1495,3,9,1,150,-4.72,NULL,'2023-04-13 00:00:00'),(1496,3,9,1,151,-18.24,NULL,'2023-04-13 00:00:00'),(1497,3,9,1,152,-21.07,NULL,'2023-04-13 00:00:00'),(1498,3,9,1,150,-7.14,NULL,'2023-04-14 00:00:00'),(1499,3,9,1,151,-17.47,NULL,'2023-04-14 00:00:00'),(1500,3,9,1,152,-28.16,NULL,'2023-04-14 00:00:00'),(1501,3,9,1,150,-2.33,NULL,'2023-04-15 00:00:00'),(1502,3,9,1,151,-24.65,NULL,'2023-04-15 00:00:00'),(1503,3,9,1,152,-15.64,NULL,'2023-04-15 00:00:00'),(1504,3,9,1,150,-5.87,NULL,'2023-04-16 00:00:00'),(1505,3,9,1,151,-16.39,NULL,'2023-04-16 00:00:00'),(1506,3,9,1,152,-26.78,NULL,'2023-04-16 00:00:00'),(1507,3,9,1,150,-3.51,NULL,'2023-04-17 00:00:00'),(1508,3,9,1,151,-20.93,NULL,'2023-04-17 00:00:00'),(1509,3,9,1,152,-22.92,NULL,'2023-04-17 00:00:00'),(1510,3,9,1,150,-7.7,NULL,'2023-04-18 00:00:00'),(1511,3,9,1,151,-18.8,NULL,'2023-04-18 00:00:00'),(1512,3,9,1,152,-25.27,NULL,'2023-04-18 00:00:00'),(1513,3,9,1,150,-4.12,NULL,'2023-04-19 00:00:00'),(1514,3,9,1,151,-15.23,NULL,'2023-04-19 00:00:00'),(1515,3,9,1,152,-28.95,NULL,'2023-04-19 00:00:00'),(1516,3,9,1,150,-5.46,NULL,'2023-04-20 00:00:00'),(1517,3,9,1,151,-23.58,NULL,'2023-04-20 00:00:00'),(1518,3,9,1,152,-17.34,NULL,'2023-04-20 00:00:00'),(1519,3,9,1,150,-2.75,NULL,'2023-04-21 00:00:00'),(1520,3,9,1,151,-18.06,NULL,'2023-04-21 00:00:00'),(1521,3,9,1,152,-22.29,NULL,'2023-04-21 00:00:00'),(1522,3,9,1,150,-6.94,NULL,'2023-04-22 00:00:00'),(1523,3,9,1,151,-21.77,NULL,'2023-04-22 00:00:00'),(1524,3,9,1,152,-28.48,NULL,'2023-04-22 00:00:00'),(1525,3,9,1,150,-4.65,NULL,'2023-04-23 00:00:00'),(1526,3,9,1,151,-16.92,NULL,'2023-04-23 00:00:00'),(1527,3,9,1,152,-20.36,NULL,'2023-04-23 00:00:00'),(1528,3,9,1,150,-6.58,NULL,'2023-04-24 00:00:00'),(1529,3,9,1,151,-19.25,NULL,'2023-04-24 00:00:00'),(1530,3,9,1,152,-29.59,NULL,'2023-04-24 00:00:00'),(1531,3,9,1,150,-2.68,NULL,'2023-04-25 00:00:00'),(1532,3,9,1,151,-15.57,NULL,'2023-04-25 00:00:00'),(1533,3,9,1,152,-19.12,NULL,'2023-04-25 00:00:00'),(1534,3,9,1,150,-5.04,NULL,'2023-04-26 00:00:00'),(1535,3,9,1,151,-24.16,NULL,'2023-04-26 00:00:00'),(1536,3,9,1,152,-27.47,NULL,'2023-04-26 00:00:00'),(1537,3,9,1,150,-3.4,NULL,'2023-04-27 00:00:00'),(1538,3,9,1,151,-16.15,NULL,'2023-04-27 00:00:00'),(1539,3,9,1,152,-20.8,NULL,'2023-04-27 00:00:00'),(1540,3,9,1,150,-7.37,NULL,'2023-04-28 00:00:00'),(1541,3,9,1,151,-20.64,NULL,'2023-04-28 00:00:00'),(1542,3,9,1,152,-28.03,NULL,'2023-04-28 00:00:00'),(1543,3,9,1,150,-3.85,NULL,'2023-04-29 00:00:00'),(1544,3,9,1,151,-17.78,NULL,'2023-04-29 00:00:00'),(1545,3,9,1,152,-23.65,NULL,'2023-04-29 00:00:00'),(1546,3,9,1,150,-6.01,NULL,'2023-04-30 00:00:00'),(1547,3,9,1,151,-23,NULL,'2023-04-30 00:00:00'),(1548,3,9,1,152,-16.61,NULL,'2023-04-30 00:00:00'),(1549,3,9,1,150,-7.29,NULL,'2023-05-01 00:00:00'),(1550,3,9,1,151,-22.85,NULL,'2023-05-01 00:00:00'),(1551,3,9,1,152,-29.62,NULL,'2023-05-01 00:00:00'),(1552,3,9,1,150,-4.44,NULL,'2023-05-02 00:00:00'),(1553,3,9,1,151,-20.33,NULL,'2023-05-02 00:00:00'),(1554,3,9,1,152,-22.24,NULL,'2023-05-02 00:00:00'),(1555,3,9,1,150,-5.97,NULL,'2023-05-03 00:00:00'),(1556,3,9,1,151,-17.48,NULL,'2023-05-03 00:00:00'),(1557,3,9,1,152,-24.81,NULL,'2023-05-03 00:00:00'),(1558,3,9,1,150,-8.02,NULL,'2023-05-04 00:00:00'),(1559,3,9,1,151,-24.51,NULL,'2023-05-04 00:00:00'),(1560,3,9,1,152,-18.33,NULL,'2023-05-04 00:00:00'),(1561,3,9,1,150,-4.86,NULL,'2023-05-05 00:00:00'),(1562,3,9,1,151,-22.21,NULL,'2023-05-05 00:00:00'),(1563,3,9,1,152,-27.95,NULL,'2023-05-05 00:00:00'),(1564,3,9,1,150,-3.34,NULL,'2023-05-06 00:00:00'),(1565,3,9,1,151,-19.47,NULL,'2023-05-06 00:00:00'),(1566,3,9,1,152,-23.36,NULL,'2023-05-06 00:00:00'),(1567,3,9,1,150,-8.41,NULL,'2023-05-07 00:00:00'),(1568,3,9,1,151,-20.99,NULL,'2023-05-07 00:00:00'),(1569,3,9,1,152,-28.67,NULL,'2023-05-07 00:00:00'),(1570,3,9,1,150,-3.78,NULL,'2023-05-08 00:00:00'),(1571,3,9,1,151,-16.23,NULL,'2023-05-08 00:00:00'),(1572,3,9,1,152,-26.54,NULL,'2023-05-08 00:00:00'),(1573,3,9,1,150,-7,NULL,'2023-05-09 00:00:00'),(1574,3,9,1,151,-19.82,NULL,'2023-05-09 00:00:00'),(1575,3,9,1,152,-20.48,NULL,'2023-05-09 00:00:00'),(1576,3,9,1,150,-5.36,NULL,'2023-05-10 00:00:00'),(1577,3,9,1,151,-24.07,NULL,'2023-05-10 00:00:00'),(1578,3,9,1,152,-25.25,NULL,'2023-05-10 00:00:00'),(1579,3,9,1,150,-7.65,NULL,'2023-05-11 00:00:00'),(1580,3,9,1,151,-16.76,NULL,'2023-05-11 00:00:00'),(1581,3,9,1,152,-16.83,NULL,'2023-05-11 00:00:00'),(1582,3,9,1,150,-4.09,NULL,'2023-05-12 00:00:00'),(1583,3,9,1,151,-23.25,NULL,'2023-05-12 00:00:00'),(1584,3,9,1,152,-30.08,NULL,'2023-05-12 00:00:00'),(1585,3,9,1,150,-5.52,NULL,'2023-05-13 00:00:00'),(1586,3,9,1,151,-19.04,NULL,'2023-05-13 00:00:00'),(1587,3,9,1,152,-21.87,NULL,'2023-05-13 00:00:00'),(1588,3,9,1,150,-7.94,NULL,'2023-05-14 00:00:00'),(1589,3,9,1,151,-18.27,NULL,'2023-05-14 00:00:00'),(1590,3,9,1,152,-28.96,NULL,'2023-05-14 00:00:00'),(1591,3,9,1,150,-3.13,NULL,'2023-05-15 00:00:00'),(1592,3,9,1,151,-25.45,NULL,'2023-05-15 00:00:00'),(1593,3,9,1,152,-16.44,NULL,'2023-05-15 00:00:00'),(1594,3,9,1,150,-6.67,NULL,'2023-05-16 00:00:00'),(1595,3,9,1,151,-17.19,NULL,'2023-05-16 00:00:00'),(1596,3,9,1,152,-27.58,NULL,'2023-05-16 00:00:00'),(1597,3,9,1,150,-4.31,NULL,'2023-05-17 00:00:00'),(1598,3,9,1,151,-21.73,NULL,'2023-05-17 00:00:00'),(1599,3,9,1,152,-23.72,NULL,'2023-05-17 00:00:00'),(1600,3,9,1,150,-8.5,NULL,'2023-05-18 00:00:00'),(1601,3,9,1,151,-19.6,NULL,'2023-05-18 00:00:00'),(1602,3,9,1,152,-26.07,NULL,'2023-05-18 00:00:00'),(1603,3,9,1,150,-4.92,NULL,'2023-05-19 00:00:00'),(1604,3,9,1,151,-16.03,NULL,'2023-05-19 00:00:00'),(1605,3,9,1,152,-29.75,NULL,'2023-05-19 00:00:00'),(1606,3,9,1,150,-6.26,NULL,'2023-05-20 00:00:00'),(1607,3,9,1,151,-24.38,NULL,'2023-05-20 00:00:00'),(1608,3,9,1,152,-18.14,NULL,'2023-05-20 00:00:00'),(1609,3,9,1,150,-3.55,NULL,'2023-05-21 00:00:00'),(1610,3,9,1,151,-18.86,NULL,'2023-05-21 00:00:00'),(1611,3,9,1,152,-23.09,NULL,'2023-05-21 00:00:00'),(1612,3,9,1,150,-7.74,NULL,'2023-05-22 00:00:00'),(1613,3,9,1,151,-22.57,NULL,'2023-05-22 00:00:00'),(1614,3,9,1,152,-29.28,NULL,'2023-05-22 00:00:00'),(1615,3,9,1,150,-5.45,NULL,'2023-05-23 00:00:00'),(1616,3,9,1,151,-17.72,NULL,'2023-05-23 00:00:00'),(1617,3,9,1,152,-21.16,NULL,'2023-05-23 00:00:00'),(1618,3,9,1,150,-7.38,NULL,'2023-05-24 00:00:00'),(1619,3,9,1,151,-20.05,NULL,'2023-05-24 00:00:00'),(1620,3,9,1,152,-30.39,NULL,'2023-05-24 00:00:00'),(1621,3,9,1,150,-3.48,NULL,'2023-05-25 00:00:00'),(1622,3,9,1,151,-16.37,NULL,'2023-05-25 00:00:00'),(1623,3,9,1,152,-19.92,NULL,'2023-05-25 00:00:00'),(1624,3,9,1,150,-5.84,NULL,'2023-05-26 00:00:00'),(1625,3,9,1,151,-24.96,NULL,'2023-05-26 00:00:00'),(1626,3,9,1,152,-28.27,NULL,'2023-05-26 00:00:00'),(1627,3,9,1,150,-4.2,NULL,'2023-05-27 00:00:00'),(1628,3,9,1,151,-16.95,NULL,'2023-05-27 00:00:00'),(1629,3,9,1,152,-21.6,NULL,'2023-05-27 00:00:00'),(1630,3,9,1,150,-8.17,NULL,'2023-05-28 00:00:00'),(1631,3,9,1,151,-21.44,NULL,'2023-05-28 00:00:00'),(1632,3,9,1,152,-28.83,NULL,'2023-05-28 00:00:00'),(1633,3,9,1,150,-4.65,NULL,'2023-05-29 00:00:00'),(1634,3,9,1,151,-18.58,NULL,'2023-05-29 00:00:00'),(1635,3,9,1,152,-24.45,NULL,'2023-05-29 00:00:00'),(1636,3,9,1,150,-6.81,NULL,'2023-05-30 00:00:00'),(1637,3,9,1,151,-23.8,NULL,'2023-05-30 00:00:00'),(1638,3,9,1,152,-17.41,NULL,'2023-05-30 00:00:00'),(1639,3,9,1,150,-3.97,NULL,'2023-05-31 00:00:00'),(1640,3,9,1,151,-20.22,NULL,'2023-05-31 00:00:00'),(1641,3,9,1,152,-27.11,NULL,'2023-05-31 00:00:00'),(1642,3,9,1,150,-4.89,NULL,'2023-06-01 00:00:00'),(1643,3,9,1,151,-20.45,NULL,'2023-06-01 00:00:00'),(1644,3,9,1,152,-27.22,NULL,'2023-06-01 00:00:00'),(1645,3,9,1,150,-2.04,NULL,'2023-06-02 00:00:00'),(1646,3,9,1,151,-17.93,NULL,'2023-06-02 00:00:00'),(1647,3,9,1,152,-19.84,NULL,'2023-06-02 00:00:00'),(1648,3,9,1,150,-3.57,NULL,'2023-06-03 00:00:00'),(1649,3,9,1,151,-15.08,NULL,'2023-06-03 00:00:00'),(1650,3,9,1,152,-22.41,NULL,'2023-06-03 00:00:00'),(1651,3,9,1,150,-5.62,NULL,'2023-06-04 00:00:00'),(1652,3,9,1,151,-22.11,NULL,'2023-06-04 00:00:00'),(1653,3,9,1,152,-15.93,NULL,'2023-06-04 00:00:00'),(1654,3,9,1,150,-2.46,NULL,'2023-06-05 00:00:00'),(1655,3,9,1,151,-19.81,NULL,'2023-06-05 00:00:00'),(1656,3,9,1,152,-25.55,NULL,'2023-06-05 00:00:00'),(1657,3,9,1,150,-0.94,NULL,'2023-06-06 00:00:00'),(1658,3,9,1,151,-17.07,NULL,'2023-06-06 00:00:00'),(1659,3,9,1,152,-20.96,NULL,'2023-06-06 00:00:00'),(1660,3,9,1,150,-6.01,NULL,'2023-06-07 00:00:00'),(1661,3,9,1,151,-18.59,NULL,'2023-06-07 00:00:00'),(1662,3,9,1,152,-26.27,NULL,'2023-06-07 00:00:00'),(1663,3,9,1,150,-1.38,NULL,'2023-06-08 00:00:00'),(1664,3,9,1,151,-13.83,NULL,'2023-06-08 00:00:00'),(1665,3,9,1,152,-24.14,NULL,'2023-06-08 00:00:00'),(1666,3,9,1,150,-4.6,NULL,'2023-06-09 00:00:00'),(1667,3,9,1,151,-17.42,NULL,'2023-06-09 00:00:00'),(1668,3,9,1,152,-18.08,NULL,'2023-06-09 00:00:00'),(1669,3,9,1,150,-2.96,NULL,'2023-06-10 00:00:00'),(1670,3,9,1,151,-21.67,NULL,'2023-06-10 00:00:00'),(1671,3,9,1,152,-22.85,NULL,'2023-06-10 00:00:00'),(1672,3,9,1,150,-5.25,NULL,'2023-06-11 00:00:00'),(1673,3,9,1,151,-14.36,NULL,'2023-06-11 00:00:00'),(1674,3,9,1,152,-14.43,NULL,'2023-06-11 00:00:00'),(1675,3,9,1,150,-1.69,NULL,'2023-06-12 00:00:00'),(1676,3,9,1,151,-20.85,NULL,'2023-06-12 00:00:00'),(1677,3,9,1,152,-27.68,NULL,'2023-06-12 00:00:00'),(1678,3,9,1,150,-3.12,NULL,'2023-06-13 00:00:00'),(1679,3,9,1,151,-16.64,NULL,'2023-06-13 00:00:00'),(1680,3,9,1,152,-19.47,NULL,'2023-06-13 00:00:00'),(1681,3,9,1,150,-5.54,NULL,'2023-06-14 00:00:00'),(1682,3,9,1,151,-15.87,NULL,'2023-06-14 00:00:00'),(1683,3,9,1,152,-26.56,NULL,'2023-06-14 00:00:00'),(1684,3,9,1,150,-0.73,NULL,'2023-06-15 00:00:00'),(1685,3,9,1,151,-23.05,NULL,'2023-06-15 00:00:00'),(1686,3,9,1,152,-14.04,NULL,'2023-06-15 00:00:00'),(1687,3,9,1,150,-4.27,NULL,'2023-06-16 00:00:00'),(1688,3,9,1,151,-14.79,NULL,'2023-06-16 00:00:00'),(1689,3,9,1,152,-25.18,NULL,'2023-06-16 00:00:00'),(1690,3,9,1,150,-1.91,NULL,'2023-06-17 00:00:00'),(1691,3,9,1,151,-19.33,NULL,'2023-06-17 00:00:00'),(1692,3,9,1,152,-21.32,NULL,'2023-06-17 00:00:00'),(1693,3,9,1,150,-6.1,NULL,'2023-06-18 00:00:00'),(1694,3,9,1,151,-17.2,NULL,'2023-06-18 00:00:00'),(1695,3,9,1,152,-23.67,NULL,'2023-06-18 00:00:00'),(1696,3,9,1,150,-2.52,NULL,'2023-06-19 00:00:00'),(1697,3,9,1,151,-13.63,NULL,'2023-06-19 00:00:00'),(1698,3,9,1,152,-27.35,NULL,'2023-06-19 00:00:00'),(1699,3,9,1,150,-3.86,NULL,'2023-06-20 00:00:00'),(1700,3,9,1,151,-21.98,NULL,'2023-06-20 00:00:00'),(1701,3,9,1,152,-15.74,NULL,'2023-06-20 00:00:00'),(1702,3,9,1,150,-1.15,NULL,'2023-06-21 00:00:00'),(1703,3,9,1,151,-16.46,NULL,'2023-06-21 00:00:00'),(1704,3,9,1,152,-20.69,NULL,'2023-06-21 00:00:00'),(1705,3,9,1,150,-5.34,NULL,'2023-06-22 00:00:00'),(1706,3,9,1,151,-20.17,NULL,'2023-06-22 00:00:00'),(1707,3,9,1,152,-26.88,NULL,'2023-06-22 00:00:00'),(1708,3,9,1,150,-3.05,NULL,'2023-06-23 00:00:00'),(1709,3,9,1,151,-15.32,NULL,'2023-06-23 00:00:00'),(1710,3,9,1,152,-18.76,NULL,'2023-06-23 00:00:00'),(1711,3,9,1,150,-4.98,NULL,'2023-06-24 00:00:00'),(1712,3,9,1,151,-17.65,NULL,'2023-06-24 00:00:00'),(1713,3,9,1,152,-27.99,NULL,'2023-06-24 00:00:00'),(1714,3,9,1,150,-1.08,NULL,'2023-06-25 00:00:00'),(1715,3,9,1,151,-13.97,NULL,'2023-06-25 00:00:00'),(1716,3,9,1,152,-17.52,NULL,'2023-06-25 00:00:00'),(1717,3,9,1,150,-3.44,NULL,'2023-06-26 00:00:00'),(1718,3,9,1,151,-22.56,NULL,'2023-06-26 00:00:00'),(1719,3,9,1,152,-25.87,NULL,'2023-06-26 00:00:00'),(1720,3,9,1,150,-1.8,NULL,'2023-06-27 00:00:00'),(1721,3,9,1,151,-14.55,NULL,'2023-06-27 00:00:00'),(1722,3,9,1,152,-19.2,NULL,'2023-06-27 00:00:00'),(1723,3,9,1,150,-5.77,NULL,'2023-06-28 00:00:00'),(1724,3,9,1,151,-19.04,NULL,'2023-06-28 00:00:00'),(1725,3,9,1,152,-26.43,NULL,'2023-06-28 00:00:00'),(1726,3,9,1,150,-2.25,NULL,'2023-06-29 00:00:00'),(1727,3,9,1,151,-16.18,NULL,'2023-06-29 00:00:00'),(1728,3,9,1,152,-22.05,NULL,'2023-06-29 00:00:00'),(1729,3,9,1,150,-4.41,NULL,'2023-06-30 00:00:00'),(1730,3,9,1,151,-21.4,NULL,'2023-06-30 00:00:00'),(1731,3,9,1,152,-15.01,NULL,'2023-06-30 00:00:00'),(1732,3,9,1,150,-6.29,NULL,'2023-07-01 00:00:00'),(1733,3,9,1,151,-21.85,NULL,'2023-07-01 00:00:00'),(1734,3,9,1,152,-28.62,NULL,'2023-07-01 00:00:00'),(1735,3,9,1,150,-3.44,NULL,'2023-07-02 00:00:00'),(1736,3,9,1,151,-19.33,NULL,'2023-07-02 00:00:00'),(1737,3,9,1,152,-21.24,NULL,'2023-07-02 00:00:00'),(1738,3,9,1,150,-4.97,NULL,'2023-07-03 00:00:00'),(1739,3,9,1,151,-16.48,NULL,'2023-07-03 00:00:00'),(1740,3,9,1,152,-23.81,NULL,'2023-07-03 00:00:00'),(1741,3,9,1,150,-7.02,NULL,'2023-07-04 00:00:00'),(1742,3,9,1,151,-23.51,NULL,'2023-07-04 00:00:00'),(1743,3,9,1,152,-17.33,NULL,'2023-07-04 00:00:00'),(1744,3,9,1,150,-3.86,NULL,'2023-07-05 00:00:00'),(1745,3,9,1,151,-21.21,NULL,'2023-07-05 00:00:00'),(1746,3,9,1,152,-26.95,NULL,'2023-07-05 00:00:00'),(1747,3,9,1,150,-2.34,NULL,'2023-07-06 00:00:00'),(1748,3,9,1,151,-18.47,NULL,'2023-07-06 00:00:00'),(1749,3,9,1,152,-22.36,NULL,'2023-07-06 00:00:00'),(1750,3,9,1,150,-7.41,NULL,'2023-07-07 00:00:00'),(1751,3,9,1,151,-19.99,NULL,'2023-07-07 00:00:00'),(1752,3,9,1,152,-27.67,NULL,'2023-07-07 00:00:00'),(1753,3,9,1,150,-2.78,NULL,'2023-07-08 00:00:00'),(1754,3,9,1,151,-15.23,NULL,'2023-07-08 00:00:00'),(1755,3,9,1,152,-25.54,NULL,'2023-07-08 00:00:00'),(1756,3,9,1,150,-6,NULL,'2023-07-09 00:00:00'),(1757,3,9,1,151,-18.82,NULL,'2023-07-09 00:00:00'),(1758,3,9,1,152,-19.48,NULL,'2023-07-09 00:00:00'),(1759,3,9,1,150,-4.36,NULL,'2023-07-10 00:00:00'),(1760,3,9,1,151,-23.07,NULL,'2023-07-10 00:00:00'),(1761,3,9,1,152,-24.25,NULL,'2023-07-10 00:00:00'),(1762,3,9,1,150,-6.65,NULL,'2023-07-11 00:00:00'),(1763,3,9,1,151,-15.76,NULL,'2023-07-11 00:00:00'),(1764,3,9,1,152,-15.83,NULL,'2023-07-11 00:00:00'),(1765,3,9,1,150,-3.09,NULL,'2023-07-12 00:00:00'),(1766,3,9,1,151,-22.25,NULL,'2023-07-12 00:00:00'),(1767,3,9,1,152,-29.08,NULL,'2023-07-12 00:00:00'),(1768,3,9,1,150,-4.52,NULL,'2023-07-13 00:00:00'),(1769,3,9,1,151,-18.04,NULL,'2023-07-13 00:00:00'),(1770,3,9,1,152,-20.87,NULL,'2023-07-13 00:00:00'),(1771,3,9,1,150,-6.94,NULL,'2023-07-14 00:00:00'),(1772,3,9,1,151,-17.27,NULL,'2023-07-14 00:00:00'),(1773,3,9,1,152,-27.96,NULL,'2023-07-14 00:00:00'),(1774,3,9,1,150,-2.13,NULL,'2023-07-15 00:00:00'),(1775,3,9,1,151,-24.45,NULL,'2023-07-15 00:00:00'),(1776,3,9,1,152,-15.44,NULL,'2023-07-15 00:00:00'),(1777,3,9,1,150,-5.67,NULL,'2023-07-16 00:00:00'),(1778,3,9,1,151,-16.19,NULL,'2023-07-16 00:00:00'),(1779,3,9,1,152,-26.58,NULL,'2023-07-16 00:00:00'),(1780,3,9,1,150,-3.31,NULL,'2023-07-17 00:00:00'),(1781,3,9,1,151,-20.73,NULL,'2023-07-17 00:00:00'),(1782,3,9,1,152,-22.72,NULL,'2023-07-17 00:00:00'),(1783,3,9,1,150,-7.5,NULL,'2023-07-18 00:00:00'),(1784,3,9,1,151,-18.6,NULL,'2023-07-18 00:00:00'),(1785,3,9,1,152,-25.07,NULL,'2023-07-18 00:00:00'),(1786,3,9,1,150,-3.92,NULL,'2023-07-19 00:00:00'),(1787,3,9,1,151,-15.03,NULL,'2023-07-19 00:00:00'),(1788,3,9,1,152,-28.75,NULL,'2023-07-19 00:00:00'),(1789,3,9,1,150,-5.26,NULL,'2023-07-20 00:00:00'),(1790,3,9,1,151,-23.38,NULL,'2023-07-20 00:00:00'),(1791,3,9,1,152,-17.14,NULL,'2023-07-20 00:00:00'),(1792,3,9,1,150,-2.55,NULL,'2023-07-21 00:00:00'),(1793,3,9,1,151,-17.86,NULL,'2023-07-21 00:00:00'),(1794,3,9,1,152,-22.09,NULL,'2023-07-21 00:00:00'),(1795,3,9,1,150,-6.74,NULL,'2023-07-22 00:00:00'),(1796,3,9,1,151,-21.57,NULL,'2023-07-22 00:00:00'),(1797,3,9,1,152,-28.28,NULL,'2023-07-22 00:00:00'),(1798,3,9,1,150,-4.45,NULL,'2023-07-23 00:00:00'),(1799,3,9,1,151,-16.72,NULL,'2023-07-23 00:00:00'),(1800,3,9,1,152,-20.16,NULL,'2023-07-23 00:00:00'),(1801,3,9,1,150,-6.38,NULL,'2023-07-24 00:00:00'),(1802,3,9,1,151,-19.05,NULL,'2023-07-24 00:00:00'),(1803,3,9,1,152,-29.39,NULL,'2023-07-24 00:00:00'),(1804,3,9,1,150,-2.48,NULL,'2023-07-25 00:00:00'),(1805,3,9,1,151,-15.37,NULL,'2023-07-25 00:00:00'),(1806,3,9,1,152,-18.92,NULL,'2023-07-25 00:00:00'),(1807,3,9,1,150,-4.84,NULL,'2023-07-26 00:00:00'),(1808,3,9,1,151,-23.96,NULL,'2023-07-26 00:00:00'),(1809,3,9,1,152,-27.27,NULL,'2023-07-26 00:00:00'),(1810,3,9,1,150,-3.2,NULL,'2023-07-27 00:00:00'),(1811,3,9,1,151,-15.95,NULL,'2023-07-27 00:00:00'),(1812,3,9,1,152,-20.6,NULL,'2023-07-27 00:00:00'),(1813,3,9,1,150,-7.17,NULL,'2023-07-28 00:00:00'),(1814,3,9,1,151,-20.44,NULL,'2023-07-28 00:00:00'),(1815,3,9,1,152,-27.83,NULL,'2023-07-28 00:00:00'),(1816,3,9,1,150,-3.65,NULL,'2023-07-29 00:00:00'),(1817,3,9,1,151,-17.58,NULL,'2023-07-29 00:00:00'),(1818,3,9,1,152,-23.45,NULL,'2023-07-29 00:00:00'),(1819,3,9,1,150,-5.81,NULL,'2023-07-30 00:00:00'),(1820,3,9,1,151,-22.8,NULL,'2023-07-30 00:00:00'),(1821,3,9,1,152,-16.41,NULL,'2023-07-30 00:00:00'),(1822,3,9,1,150,-2.97,NULL,'2023-07-31 00:00:00'),(1823,3,9,1,151,-19.22,NULL,'2023-07-31 00:00:00'),(1824,3,9,1,152,-26.11,NULL,'2023-07-31 00:00:00'),(1825,3,9,1,150,-6.39,NULL,'2023-08-01 00:00:00'),(1826,3,9,1,151,-21.95,NULL,'2023-08-01 00:00:00'),(1827,3,9,1,152,-28.72,NULL,'2023-08-01 00:00:00'),(1828,3,9,1,150,-3.54,NULL,'2023-08-02 00:00:00'),(1829,3,9,1,151,-19.43,NULL,'2023-08-02 00:00:00'),(1830,3,9,1,152,-21.34,NULL,'2023-08-02 00:00:00'),(1831,3,9,1,150,-5.07,NULL,'2023-08-03 00:00:00'),(1832,3,9,1,151,-16.58,NULL,'2023-08-03 00:00:00'),(1833,3,9,1,152,-23.91,NULL,'2023-08-03 00:00:00'),(1834,3,9,1,150,-7.12,NULL,'2023-08-04 00:00:00'),(1835,3,9,1,151,-23.61,NULL,'2023-08-04 00:00:00'),(1836,3,9,1,152,-17.43,NULL,'2023-08-04 00:00:00'),(1837,3,9,1,150,-3.96,NULL,'2023-08-05 00:00:00'),(1838,3,9,1,151,-21.31,NULL,'2023-08-05 00:00:00'),(1839,3,9,1,152,-27.05,NULL,'2023-08-05 00:00:00'),(1840,3,9,1,150,-2.44,NULL,'2023-08-06 00:00:00'),(1841,3,9,1,151,-18.57,NULL,'2023-08-06 00:00:00'),(1842,3,9,1,152,-22.46,NULL,'2023-08-06 00:00:00'),(1843,3,9,1,150,-7.51,NULL,'2023-08-07 00:00:00'),(1844,3,9,1,151,-20.09,NULL,'2023-08-07 00:00:00'),(1845,3,9,1,152,-27.77,NULL,'2023-08-07 00:00:00'),(1846,3,9,1,150,-2.88,NULL,'2023-08-08 00:00:00'),(1847,3,9,1,151,-15.33,NULL,'2023-08-08 00:00:00'),(1848,3,9,1,152,-25.64,NULL,'2023-08-08 00:00:00'),(1849,3,9,1,150,-6.1,NULL,'2023-08-09 00:00:00'),(1850,3,9,1,151,-18.92,NULL,'2023-08-09 00:00:00'),(1851,3,9,1,152,-19.58,NULL,'2023-08-09 00:00:00'),(1852,3,9,1,150,-4.46,NULL,'2023-08-10 00:00:00'),(1853,3,9,1,151,-23.17,NULL,'2023-08-10 00:00:00'),(1854,3,9,1,152,-24.35,NULL,'2023-08-10 00:00:00'),(1855,3,9,1,150,-6.75,NULL,'2023-08-11 00:00:00'),(1856,3,9,1,151,-15.86,NULL,'2023-08-11 00:00:00'),(1857,3,9,1,152,-15.93,NULL,'2023-08-11 00:00:00'),(1858,3,9,1,150,-3.19,NULL,'2023-08-12 00:00:00'),(1859,3,9,1,151,-22.35,NULL,'2023-08-12 00:00:00'),(1860,3,9,1,152,-29.18,NULL,'2023-08-12 00:00:00'),(1861,3,9,1,150,-4.62,NULL,'2023-08-13 00:00:00'),(1862,3,9,1,151,-18.14,NULL,'2023-08-13 00:00:00'),(1863,3,9,1,152,-20.97,NULL,'2023-08-13 00:00:00'),(1864,3,9,1,150,-7.04,NULL,'2023-08-14 00:00:00'),(1865,3,9,1,151,-17.37,NULL,'2023-08-14 00:00:00'),(1866,3,9,1,152,-28.06,NULL,'2023-08-14 00:00:00'),(1867,3,9,1,150,-2.23,NULL,'2023-08-15 00:00:00'),(1868,3,9,1,151,-24.55,NULL,'2023-08-15 00:00:00'),(1869,3,9,1,152,-15.54,NULL,'2023-08-15 00:00:00'),(1870,3,9,1,150,-5.77,NULL,'2023-08-16 00:00:00'),(1871,3,9,1,151,-16.29,NULL,'2023-08-16 00:00:00'),(1872,3,9,1,152,-26.68,NULL,'2023-08-16 00:00:00'),(1873,3,9,1,150,-3.41,NULL,'2023-08-17 00:00:00'),(1874,3,9,1,151,-20.83,NULL,'2023-08-17 00:00:00'),(1875,3,9,1,152,-22.82,NULL,'2023-08-17 00:00:00'),(1876,3,9,1,150,-7.6,NULL,'2023-08-18 00:00:00'),(1877,3,9,1,151,-18.7,NULL,'2023-08-18 00:00:00'),(1878,3,9,1,152,-25.17,NULL,'2023-08-18 00:00:00'),(1879,3,9,1,150,-4.02,NULL,'2023-08-19 00:00:00'),(1880,3,9,1,151,-15.13,NULL,'2023-08-19 00:00:00'),(1881,3,9,1,152,-28.85,NULL,'2023-08-19 00:00:00'),(1882,3,9,1,150,-5.36,NULL,'2023-08-20 00:00:00'),(1883,3,9,1,151,-23.48,NULL,'2023-08-20 00:00:00'),(1884,3,9,1,152,-17.24,NULL,'2023-08-20 00:00:00'),(1885,3,9,1,150,-2.65,NULL,'2023-08-21 00:00:00'),(1886,3,9,1,151,-17.96,NULL,'2023-08-21 00:00:00'),(1887,3,9,1,152,-22.19,NULL,'2023-08-21 00:00:00'),(1888,3,9,1,150,-6.84,NULL,'2023-08-22 00:00:00'),(1889,3,9,1,151,-21.67,NULL,'2023-08-22 00:00:00'),(1890,3,9,1,152,-28.38,NULL,'2023-08-22 00:00:00'),(1891,3,9,1,150,-4.55,NULL,'2023-08-23 00:00:00'),(1892,3,9,1,151,-16.82,NULL,'2023-08-23 00:00:00'),(1893,3,9,1,152,-20.26,NULL,'2023-08-23 00:00:00'),(1894,3,9,1,150,-6.48,NULL,'2023-08-24 00:00:00'),(1895,3,9,1,151,-19.15,NULL,'2023-08-24 00:00:00'),(1896,3,9,1,152,-29.49,NULL,'2023-08-24 00:00:00'),(1897,3,9,1,150,-2.58,NULL,'2023-08-25 00:00:00'),(1898,3,9,1,151,-15.47,NULL,'2023-08-25 00:00:00'),(1899,3,9,1,152,-19.02,NULL,'2023-08-25 00:00:00'),(1900,3,9,1,150,-4.94,NULL,'2023-08-26 00:00:00'),(1901,3,9,1,151,-24.06,NULL,'2023-08-26 00:00:00'),(1902,3,9,1,152,-27.37,NULL,'2023-08-26 00:00:00'),(1903,3,9,1,150,-3.3,NULL,'2023-08-27 00:00:00'),(1904,3,9,1,151,-16.05,NULL,'2023-08-27 00:00:00'),(1905,3,9,1,152,-20.7,NULL,'2023-08-27 00:00:00'),(1906,3,9,1,150,-7.27,NULL,'2023-08-28 00:00:00'),(1907,3,9,1,151,-20.54,NULL,'2023-08-28 00:00:00'),(1908,3,9,1,152,-27.93,NULL,'2023-08-28 00:00:00'),(1909,3,9,1,150,-3.75,NULL,'2023-08-29 00:00:00'),(1910,3,9,1,151,-17.68,NULL,'2023-08-29 00:00:00'),(1911,3,9,1,152,-23.55,NULL,'2023-08-29 00:00:00'),(1912,3,9,1,150,-5.91,NULL,'2023-08-30 00:00:00'),(1913,3,9,1,151,-22.9,NULL,'2023-08-30 00:00:00'),(1914,3,9,1,152,-16.51,NULL,'2023-08-30 00:00:00'),(1915,3,9,1,150,-3.07,NULL,'2023-08-31 00:00:00'),(1916,3,9,1,151,-19.32,NULL,'2023-08-31 00:00:00'),(1917,3,9,1,152,-26.21,NULL,'2023-08-31 00:00:00'),(1918,3,9,1,150,-6.89,NULL,'2023-09-01 00:00:00'),(1919,3,9,1,151,-22.45,NULL,'2023-09-01 00:00:00'),(1920,3,9,1,152,-29.22,NULL,'2023-09-01 00:00:00'),(1921,3,9,1,150,-4.04,NULL,'2023-09-02 00:00:00'),(1922,3,9,1,151,-19.93,NULL,'2023-09-02 00:00:00'),(1923,3,9,1,152,-21.84,NULL,'2023-09-02 00:00:00'),(1924,3,9,1,150,-5.57,NULL,'2023-09-03 00:00:00'),(1925,3,9,1,151,-17.08,NULL,'2023-09-03 00:00:00'),(1926,3,9,1,152,-24.41,NULL,'2023-09-03 00:00:00'),(1927,3,9,1,150,-7.62,NULL,'2023-09-04 00:00:00'),(1928,3,9,1,151,-24.11,NULL,'2023-09-04 00:00:00'),(1929,3,9,1,152,-17.93,NULL,'2023-09-04 00:00:00'),(1930,3,9,1,150,-4.46,NULL,'2023-09-05 00:00:00'),(1931,3,9,1,151,-21.81,NULL,'2023-09-05 00:00:00'),(1932,3,9,1,152,-27.55,NULL,'2023-09-05 00:00:00'),(1933,3,9,1,150,-2.94,NULL,'2023-09-06 00:00:00'),(1934,3,9,1,151,-19.07,NULL,'2023-09-06 00:00:00'),(1935,3,9,1,152,-22.96,NULL,'2023-09-06 00:00:00'),(1936,3,9,1,150,-8.01,NULL,'2023-09-07 00:00:00'),(1937,3,9,1,151,-20.59,NULL,'2023-09-07 00:00:00'),(1938,3,9,1,152,-28.27,NULL,'2023-09-07 00:00:00'),(1939,3,9,1,150,-3.38,NULL,'2023-09-08 00:00:00'),(1940,3,9,1,151,-15.83,NULL,'2023-09-08 00:00:00'),(1941,3,9,1,152,-26.14,NULL,'2023-09-08 00:00:00'),(1942,3,9,1,150,-6.6,NULL,'2023-09-09 00:00:00'),(1943,3,9,1,151,-19.42,NULL,'2023-09-09 00:00:00'),(1944,3,9,1,152,-20.08,NULL,'2023-09-09 00:00:00'),(1945,3,9,1,150,-4.96,NULL,'2023-09-10 00:00:00'),(1946,3,9,1,151,-23.67,NULL,'2023-09-10 00:00:00'),(1947,3,9,1,152,-24.85,NULL,'2023-09-10 00:00:00'),(1948,3,9,1,150,-7.25,NULL,'2023-09-11 00:00:00'),(1949,3,9,1,151,-16.36,NULL,'2023-09-11 00:00:00'),(1950,3,9,1,152,-16.43,NULL,'2023-09-11 00:00:00'),(1951,3,9,1,150,-3.69,NULL,'2023-09-12 00:00:00'),(1952,3,9,1,151,-22.85,NULL,'2023-09-12 00:00:00'),(1953,3,9,1,152,-29.68,NULL,'2023-09-12 00:00:00'),(1954,3,9,1,150,-5.12,NULL,'2023-09-13 00:00:00'),(1955,3,9,1,151,-18.64,NULL,'2023-09-13 00:00:00'),(1956,3,9,1,152,-21.47,NULL,'2023-09-13 00:00:00'),(1957,3,9,1,150,-7.54,NULL,'2023-09-14 00:00:00'),(1958,3,9,1,151,-17.87,NULL,'2023-09-14 00:00:00'),(1959,3,9,1,152,-28.56,NULL,'2023-09-14 00:00:00'),(1960,3,9,1,150,-2.73,NULL,'2023-09-15 00:00:00'),(1961,3,9,1,151,-25.05,NULL,'2023-09-15 00:00:00'),(1962,3,9,1,152,-16.04,NULL,'2023-09-15 00:00:00'),(1963,3,9,1,150,-6.27,NULL,'2023-09-16 00:00:00'),(1964,3,9,1,151,-16.79,NULL,'2023-09-16 00:00:00'),(1965,3,9,1,152,-27.18,NULL,'2023-09-16 00:00:00'),(1966,3,9,1,150,-3.91,NULL,'2023-09-17 00:00:00'),(1967,3,9,1,151,-21.33,NULL,'2023-09-17 00:00:00'),(1968,3,9,1,152,-23.32,NULL,'2023-09-17 00:00:00'),(1969,3,9,1,150,-8.1,NULL,'2023-09-18 00:00:00'),(1970,3,9,1,151,-19.2,NULL,'2023-09-18 00:00:00'),(1971,3,9,1,152,-25.67,NULL,'2023-09-18 00:00:00'),(1972,3,9,1,150,-4.52,NULL,'2023-09-19 00:00:00'),(1973,3,9,1,151,-15.63,NULL,'2023-09-19 00:00:00'),(1974,3,9,1,152,-29.35,NULL,'2023-09-19 00:00:00'),(1975,3,9,1,150,-5.86,NULL,'2023-09-20 00:00:00'),(1976,3,9,1,151,-23.98,NULL,'2023-09-20 00:00:00'),(1977,3,9,1,152,-17.74,NULL,'2023-09-20 00:00:00'),(1978,3,9,1,150,-3.15,NULL,'2023-09-21 00:00:00'),(1979,3,9,1,151,-18.46,NULL,'2023-09-21 00:00:00'),(1980,3,9,1,152,-22.69,NULL,'2023-09-21 00:00:00'),(1981,3,9,1,150,-7.34,NULL,'2023-09-22 00:00:00'),(1982,3,9,1,151,-22.17,NULL,'2023-09-22 00:00:00'),(1983,3,9,1,152,-28.88,NULL,'2023-09-22 00:00:00'),(1984,3,9,1,150,-5.05,NULL,'2023-09-23 00:00:00'),(1985,3,9,1,151,-17.32,NULL,'2023-09-23 00:00:00'),(1986,3,9,1,152,-20.76,NULL,'2023-09-23 00:00:00'),(1987,3,9,1,150,-6.98,NULL,'2023-09-24 00:00:00'),(1988,3,9,1,151,-19.65,NULL,'2023-09-24 00:00:00'),(1989,3,9,1,152,-29.99,NULL,'2023-09-24 00:00:00'),(1990,3,9,1,150,-3.08,NULL,'2023-09-25 00:00:00'),(1991,3,9,1,151,-15.97,NULL,'2023-09-25 00:00:00'),(1992,3,9,1,152,-19.52,NULL,'2023-09-25 00:00:00'),(1993,3,9,1,150,-5.44,NULL,'2023-09-26 00:00:00'),(1994,3,9,1,151,-24.56,NULL,'2023-09-26 00:00:00'),(1995,3,9,1,152,-27.87,NULL,'2023-09-26 00:00:00'),(1996,3,9,1,150,-3.8,NULL,'2023-09-27 00:00:00'),(1997,3,9,1,151,-16.55,NULL,'2023-09-27 00:00:00'),(1998,3,9,1,152,-21.2,NULL,'2023-09-27 00:00:00'),(1999,3,9,1,150,-7.77,NULL,'2023-09-28 00:00:00'),(2000,3,9,1,151,-21.04,NULL,'2023-09-28 00:00:00'),(2001,3,9,1,152,-28.43,NULL,'2023-09-28 00:00:00'),(2002,3,9,1,150,-4.25,NULL,'2023-09-29 00:00:00'),(2003,3,9,1,151,-18.18,NULL,'2023-09-29 00:00:00'),(2004,3,9,1,152,-24.05,NULL,'2023-09-29 00:00:00'),(2005,3,9,1,150,-6.41,NULL,'2023-09-30 00:00:00'),(2006,3,9,1,151,-23.4,NULL,'2023-09-30 00:00:00'),(2007,3,9,1,152,-17.01,NULL,'2023-09-30 00:00:00'),(2008,3,9,1,150,-5.79,NULL,'2023-10-01 00:00:00'),(2009,3,9,1,151,-21.35,NULL,'2023-10-01 00:00:00'),(2010,3,9,1,152,-28.12,NULL,'2023-10-01 00:00:00'),(2011,3,9,1,150,-2.94,NULL,'2023-10-02 00:00:00'),(2012,3,9,1,151,-18.83,NULL,'2023-10-02 00:00:00'),(2013,3,9,1,152,-20.74,NULL,'2023-10-02 00:00:00'),(2014,3,9,1,150,-4.47,NULL,'2023-10-03 00:00:00'),(2015,3,9,1,151,-15.98,NULL,'2023-10-03 00:00:00'),(2016,3,9,1,152,-23.31,NULL,'2023-10-03 00:00:00'),(2017,3,9,1,150,-6.52,NULL,'2023-10-04 00:00:00'),(2018,3,9,1,151,-23.01,NULL,'2023-10-04 00:00:00'),(2019,3,9,1,152,-16.83,NULL,'2023-10-04 00:00:00'),(2020,3,9,1,150,-3.36,NULL,'2023-10-05 00:00:00'),(2021,3,9,1,151,-20.71,NULL,'2023-10-05 00:00:00'),(2022,3,9,1,152,-26.45,NULL,'2023-10-05 00:00:00'),(2023,3,9,1,150,-1.84,NULL,'2023-10-06 00:00:00'),(2024,3,9,1,151,-17.97,NULL,'2023-10-06 00:00:00'),(2025,3,9,1,152,-21.86,NULL,'2023-10-06 00:00:00'),(2026,3,9,1,150,-6.91,NULL,'2023-10-07 00:00:00'),(2027,3,9,1,151,-19.49,NULL,'2023-10-07 00:00:00'),(2028,3,9,1,152,-27.17,NULL,'2023-10-07 00:00:00'),(2029,3,9,1,150,-2.28,NULL,'2023-10-08 00:00:00'),(2030,3,9,1,151,-14.73,NULL,'2023-10-08 00:00:00'),(2031,3,9,1,152,-25.04,NULL,'2023-10-08 00:00:00'),(2032,3,9,1,150,-5.5,NULL,'2023-10-09 00:00:00'),(2033,3,9,1,151,-18.32,NULL,'2023-10-09 00:00:00'),(2034,3,9,1,152,-18.98,NULL,'2023-10-09 00:00:00'),(2035,3,9,1,150,-3.86,NULL,'2023-10-10 00:00:00'),(2036,3,9,1,151,-22.57,NULL,'2023-10-10 00:00:00'),(2037,3,9,1,152,-23.75,NULL,'2023-10-10 00:00:00'),(2038,3,9,1,150,-6.15,NULL,'2023-10-11 00:00:00'),(2039,3,9,1,151,-15.26,NULL,'2023-10-11 00:00:00'),(2040,3,9,1,152,-15.33,NULL,'2023-10-11 00:00:00'),(2041,3,9,1,150,-2.59,NULL,'2023-10-12 00:00:00'),(2042,3,9,1,151,-21.75,NULL,'2023-10-12 00:00:00'),(2043,3,9,1,152,-28.58,NULL,'2023-10-12 00:00:00'),(2044,3,9,1,150,-4.02,NULL,'2023-10-13 00:00:00'),(2045,3,9,1,151,-17.54,NULL,'2023-10-13 00:00:00'),(2046,3,9,1,152,-20.37,NULL,'2023-10-13 00:00:00'),(2047,3,9,1,150,-6.44,NULL,'2023-10-14 00:00:00'),(2048,3,9,1,151,-16.77,NULL,'2023-10-14 00:00:00'),(2049,3,9,1,152,-27.46,NULL,'2023-10-14 00:00:00'),(2050,3,9,1,150,-1.63,NULL,'2023-10-15 00:00:00'),(2051,3,9,1,151,-23.95,NULL,'2023-10-15 00:00:00'),(2052,3,9,1,152,-14.94,NULL,'2023-10-15 00:00:00'),(2053,3,9,1,150,-5.17,NULL,'2023-10-16 00:00:00'),(2054,3,9,1,151,-15.69,NULL,'2023-10-16 00:00:00'),(2055,3,9,1,152,-26.08,NULL,'2023-10-16 00:00:00'),(2056,3,9,1,150,-2.81,NULL,'2023-10-17 00:00:00'),(2057,3,9,1,151,-20.23,NULL,'2023-10-17 00:00:00'),(2058,3,9,1,152,-22.22,NULL,'2023-10-17 00:00:00'),(2059,3,9,1,150,-7,NULL,'2023-10-18 00:00:00'),(2060,3,9,1,151,-18.1,NULL,'2023-10-18 00:00:00'),(2061,3,9,1,152,-24.57,NULL,'2023-10-18 00:00:00'),(2062,3,9,1,150,-3.42,NULL,'2023-10-19 00:00:00'),(2063,3,9,1,151,-14.53,NULL,'2023-10-19 00:00:00'),(2064,3,9,1,152,-28.25,NULL,'2023-10-19 00:00:00'),(2065,3,9,1,150,-4.76,NULL,'2023-10-20 00:00:00'),(2066,3,9,1,151,-22.88,NULL,'2023-10-20 00:00:00'),(2067,3,9,1,152,-16.64,NULL,'2023-10-20 00:00:00'),(2068,3,9,1,150,-2.05,NULL,'2023-10-21 00:00:00'),(2069,3,9,1,151,-17.36,NULL,'2023-10-21 00:00:00'),(2070,3,9,1,152,-21.59,NULL,'2023-10-21 00:00:00'),(2071,3,9,1,150,-6.24,NULL,'2023-10-22 00:00:00'),(2072,3,9,1,151,-21.07,NULL,'2023-10-22 00:00:00'),(2073,3,9,1,152,-27.78,NULL,'2023-10-22 00:00:00'),(2074,3,9,1,150,-3.95,NULL,'2023-10-23 00:00:00'),(2075,3,9,1,151,-16.22,NULL,'2023-10-23 00:00:00'),(2076,3,9,1,152,-19.66,NULL,'2023-10-23 00:00:00'),(2077,3,9,1,150,-5.88,NULL,'2023-10-24 00:00:00'),(2078,3,9,1,151,-18.55,NULL,'2023-10-24 00:00:00'),(2079,3,9,1,152,-28.89,NULL,'2023-10-24 00:00:00'),(2080,3,9,1,150,-1.98,NULL,'2023-10-25 00:00:00'),(2081,3,9,1,151,-14.87,NULL,'2023-10-25 00:00:00'),(2082,3,9,1,152,-18.42,NULL,'2023-10-25 00:00:00'),(2083,3,9,1,150,-4.34,NULL,'2023-10-26 00:00:00'),(2084,3,9,1,151,-23.46,NULL,'2023-10-26 00:00:00'),(2085,3,9,1,152,-26.77,NULL,'2023-10-26 00:00:00'),(2086,3,9,1,150,-2.7,NULL,'2023-10-27 00:00:00'),(2087,3,9,1,151,-15.45,NULL,'2023-10-27 00:00:00'),(2088,3,9,1,152,-20.1,NULL,'2023-10-27 00:00:00'),(2089,3,9,1,150,-6.67,NULL,'2023-10-28 00:00:00'),(2090,3,9,1,151,-19.94,NULL,'2023-10-28 00:00:00'),(2091,3,9,1,152,-27.33,NULL,'2023-10-28 00:00:00'),(2092,3,9,1,150,-3.15,NULL,'2023-10-29 00:00:00'),(2093,3,9,1,151,-17.08,NULL,'2023-10-29 00:00:00'),(2094,3,9,1,152,-22.95,NULL,'2023-10-29 00:00:00'),(2095,3,9,1,150,-5.31,NULL,'2023-10-30 00:00:00'),(2096,3,9,1,151,-22.3,NULL,'2023-10-30 00:00:00'),(2097,3,9,1,152,-15.91,NULL,'2023-10-30 00:00:00'),(2098,3,9,1,150,-2.47,NULL,'2023-10-31 00:00:00'),(2099,3,9,1,151,-18.72,NULL,'2023-10-31 00:00:00'),(2100,3,9,1,152,-25.61,NULL,'2023-10-31 00:00:00'),(2101,3,9,1,150,-6.59,NULL,'2023-11-01 00:00:00'),(2102,3,9,1,151,-22.15,NULL,'2023-11-01 00:00:00'),(2103,3,9,1,152,-28.92,NULL,'2023-11-01 00:00:00'),(2104,3,9,1,150,-3.74,NULL,'2023-11-02 00:00:00'),(2105,3,9,1,151,-19.63,NULL,'2023-11-02 00:00:00'),(2106,3,9,1,152,-21.54,NULL,'2023-11-02 00:00:00'),(2107,3,9,1,150,-5.27,NULL,'2023-11-03 00:00:00'),(2108,3,9,1,151,-16.78,NULL,'2023-11-03 00:00:00'),(2109,3,9,1,152,-24.11,NULL,'2023-11-03 00:00:00'),(2110,3,9,1,150,-7.32,NULL,'2023-11-04 00:00:00'),(2111,3,9,1,151,-23.81,NULL,'2023-11-04 00:00:00'),(2112,3,9,1,152,-17.63,NULL,'2023-11-04 00:00:00'),(2113,3,9,1,150,-4.16,NULL,'2023-11-05 00:00:00'),(2114,3,9,1,151,-21.51,NULL,'2023-11-05 00:00:00'),(2115,3,9,1,152,-27.25,NULL,'2023-11-05 00:00:00'),(2116,3,9,1,150,-2.64,NULL,'2023-11-06 00:00:00'),(2117,3,9,1,151,-18.77,NULL,'2023-11-06 00:00:00'),(2118,3,9,1,152,-22.66,NULL,'2023-11-06 00:00:00'),(2119,3,9,1,150,-7.71,NULL,'2023-11-07 00:00:00'),(2120,3,9,1,151,-20.29,NULL,'2023-11-07 00:00:00'),(2121,3,9,1,152,-27.97,NULL,'2023-11-07 00:00:00'),(2122,3,9,1,150,-3.08,NULL,'2023-11-08 00:00:00'),(2123,3,9,1,151,-15.53,NULL,'2023-11-08 00:00:00'),(2124,3,9,1,152,-25.84,NULL,'2023-11-08 00:00:00'),(2125,3,9,1,150,-6.3,NULL,'2023-11-09 00:00:00'),(2126,3,9,1,151,-19.12,NULL,'2023-11-09 00:00:00'),(2127,3,9,1,152,-19.78,NULL,'2023-11-09 00:00:00'),(2128,3,9,1,150,-4.66,NULL,'2023-11-10 00:00:00'),(2129,3,9,1,151,-23.37,NULL,'2023-11-10 00:00:00'),(2130,3,9,1,152,-24.55,NULL,'2023-11-10 00:00:00'),(2131,3,9,1,150,-6.95,NULL,'2023-11-11 00:00:00'),(2132,3,9,1,151,-16.06,NULL,'2023-11-11 00:00:00'),(2133,3,9,1,152,-16.13,NULL,'2023-11-11 00:00:00'),(2134,3,9,1,150,-3.39,NULL,'2023-11-12 00:00:00'),(2135,3,9,1,151,-22.55,NULL,'2023-11-12 00:00:00'),(2136,3,9,1,152,-29.38,NULL,'2023-11-12 00:00:00'),(2137,3,9,1,150,-4.82,NULL,'2023-11-13 00:00:00'),(2138,3,9,1,151,-18.34,NULL,'2023-11-13 00:00:00'),(2139,3,9,1,152,-21.17,NULL,'2023-11-13 00:00:00'),(2140,3,9,1,150,-7.24,NULL,'2023-11-14 00:00:00'),(2141,3,9,1,151,-17.57,NULL,'2023-11-14 00:00:00'),(2142,3,9,1,152,-28.26,NULL,'2023-11-14 00:00:00'),(2143,3,9,1,150,-2.43,NULL,'2023-11-15 00:00:00'),(2144,3,9,1,151,-24.75,NULL,'2023-11-15 00:00:00'),(2145,3,9,1,152,-15.74,NULL,'2023-11-15 00:00:00'),(2146,3,9,1,150,-5.97,NULL,'2023-11-16 00:00:00'),(2147,3,9,1,151,-16.49,NULL,'2023-11-16 00:00:00'),(2148,3,9,1,152,-26.88,NULL,'2023-11-16 00:00:00'),(2149,3,9,1,150,-3.61,NULL,'2023-11-17 00:00:00'),(2150,3,9,1,151,-21.03,NULL,'2023-11-17 00:00:00'),(2151,3,9,1,152,-23.02,NULL,'2023-11-17 00:00:00'),(2152,3,9,1,150,-7.8,NULL,'2023-11-18 00:00:00'),(2153,3,9,1,151,-18.9,NULL,'2023-11-18 00:00:00'),(2154,3,9,1,152,-25.37,NULL,'2023-11-18 00:00:00'),(2155,3,9,1,150,-4.22,NULL,'2023-11-19 00:00:00'),(2156,3,9,1,151,-15.33,NULL,'2023-11-19 00:00:00'),(2157,3,9,1,152,-29.05,NULL,'2023-11-19 00:00:00'),(2158,3,9,1,150,-5.56,NULL,'2023-11-20 00:00:00'),(2159,3,9,1,151,-23.68,NULL,'2023-11-20 00:00:00'),(2160,3,9,1,152,-17.44,NULL,'2023-11-20 00:00:00'),(2161,3,9,1,150,-2.85,NULL,'2023-11-21 00:00:00'),(2162,3,9,1,151,-18.16,NULL,'2023-11-21 00:00:00'),(2163,3,9,1,152,-22.39,NULL,'2023-11-21 00:00:00'),(2164,3,9,1,150,-7.04,NULL,'2023-11-22 00:00:00'),(2165,3,9,1,151,-21.87,NULL,'2023-11-22 00:00:00'),(2166,3,9,1,152,-28.58,NULL,'2023-11-22 00:00:00'),(2167,3,9,1,150,-4.75,NULL,'2023-11-23 00:00:00'),(2168,3,9,1,151,-17.02,NULL,'2023-11-23 00:00:00'),(2169,3,9,1,152,-20.46,NULL,'2023-11-23 00:00:00'),(2170,3,9,1,150,-6.68,NULL,'2023-11-24 00:00:00'),(2171,3,9,1,151,-19.35,NULL,'2023-11-24 00:00:00'),(2172,3,9,1,152,-29.69,NULL,'2023-11-24 00:00:00'),(2173,3,9,1,150,-2.78,NULL,'2023-11-25 00:00:00'),(2174,3,9,1,151,-15.67,NULL,'2023-11-25 00:00:00'),(2175,3,9,1,152,-19.22,NULL,'2023-11-25 00:00:00'),(2176,3,9,1,150,-5.14,NULL,'2023-11-26 00:00:00'),(2177,3,9,1,151,-24.26,NULL,'2023-11-26 00:00:00'),(2178,3,9,1,152,-27.57,NULL,'2023-11-26 00:00:00'),(2179,3,9,1,150,-3.5,NULL,'2023-11-27 00:00:00'),(2180,3,9,1,151,-16.25,NULL,'2023-11-27 00:00:00'),(2181,3,9,1,152,-20.9,NULL,'2023-11-27 00:00:00'),(2182,3,9,1,150,-7.47,NULL,'2023-11-28 00:00:00'),(2183,3,9,1,151,-20.74,NULL,'2023-11-28 00:00:00'),(2184,3,9,1,152,-28.13,NULL,'2023-11-28 00:00:00'),(2185,3,9,1,150,-3.95,NULL,'2023-11-29 00:00:00'),(2186,3,9,1,151,-17.88,NULL,'2023-11-29 00:00:00'),(2187,3,9,1,152,-23.75,NULL,'2023-11-29 00:00:00'),(2188,3,9,1,150,-6.11,NULL,'2023-11-30 00:00:00'),(2189,3,9,1,151,-23.1,NULL,'2023-11-30 00:00:00'),(2190,3,9,1,152,-16.71,NULL,'2023-11-30 00:00:00'),(2191,3,9,1,150,-8.29,NULL,'2023-12-01 00:00:00'),(2192,3,9,1,151,-23.85,NULL,'2023-12-01 00:00:00'),(2193,3,9,1,152,-30.62,NULL,'2023-12-01 00:00:00'),(2194,3,9,1,150,-5.44,NULL,'2023-12-02 00:00:00'),(2195,3,9,1,151,-21.33,NULL,'2023-12-02 00:00:00'),(2196,3,9,1,152,-23.24,NULL,'2023-12-02 00:00:00'),(2197,3,9,1,150,-6.97,NULL,'2023-12-03 00:00:00'),(2198,3,9,1,151,-18.48,NULL,'2023-12-03 00:00:00'),(2199,3,9,1,152,-25.81,NULL,'2023-12-03 00:00:00'),(2200,3,9,1,150,-9.02,NULL,'2023-12-04 00:00:00'),(2201,3,9,1,151,-25.51,NULL,'2023-12-04 00:00:00'),(2202,3,9,1,152,-19.33,NULL,'2023-12-04 00:00:00'),(2203,3,9,1,150,-5.86,NULL,'2023-12-05 00:00:00'),(2204,3,9,1,151,-23.21,NULL,'2023-12-05 00:00:00'),(2205,3,9,1,152,-28.95,NULL,'2023-12-05 00:00:00'),(2206,3,9,1,150,-4.34,NULL,'2023-12-06 00:00:00'),(2207,3,9,1,151,-20.47,NULL,'2023-12-06 00:00:00'),(2208,3,9,1,152,-24.36,NULL,'2023-12-06 00:00:00'),(2209,3,9,1,150,-9.41,NULL,'2023-12-07 00:00:00'),(2210,3,9,1,151,-21.99,NULL,'2023-12-07 00:00:00'),(2211,3,9,1,152,-29.67,NULL,'2023-12-07 00:00:00'),(2212,3,9,1,150,-4.78,NULL,'2023-12-08 00:00:00'),(2213,3,9,1,151,-17.23,NULL,'2023-12-08 00:00:00'),(2214,3,9,1,152,-27.54,NULL,'2023-12-08 00:00:00'),(2215,3,9,1,150,-8,NULL,'2023-12-09 00:00:00'),(2216,3,9,1,151,-20.82,NULL,'2023-12-09 00:00:00'),(2217,3,9,1,152,-21.48,NULL,'2023-12-09 00:00:00'),(2218,3,9,1,150,-6.36,NULL,'2023-12-10 00:00:00'),(2219,3,9,1,151,-25.07,NULL,'2023-12-10 00:00:00'),(2220,3,9,1,152,-26.25,NULL,'2023-12-10 00:00:00'),(2221,3,9,1,150,-8.65,NULL,'2023-12-11 00:00:00'),(2222,3,9,1,151,-17.76,NULL,'2023-12-11 00:00:00'),(2223,3,9,1,152,-17.83,NULL,'2023-12-11 00:00:00'),(2224,3,9,1,150,-5.09,NULL,'2023-12-12 00:00:00'),(2225,3,9,1,151,-24.25,NULL,'2023-12-12 00:00:00'),(2226,3,9,1,152,-31.08,NULL,'2023-12-12 00:00:00'),(2227,3,9,1,150,-6.52,NULL,'2023-12-13 00:00:00'),(2228,3,9,1,151,-20.04,NULL,'2023-12-13 00:00:00'),(2229,3,9,1,152,-22.87,NULL,'2023-12-13 00:00:00'),(2230,3,9,1,150,-8.94,NULL,'2023-12-14 00:00:00'),(2231,3,9,1,151,-19.27,NULL,'2023-12-14 00:00:00'),(2232,3,9,1,152,-29.96,NULL,'2023-12-14 00:00:00'),(2233,3,9,1,150,-4.13,NULL,'2023-12-15 00:00:00'),(2234,3,9,1,151,-26.45,NULL,'2023-12-15 00:00:00'),(2235,3,9,1,152,-17.44,NULL,'2023-12-15 00:00:00'),(2236,3,9,1,150,-7.67,NULL,'2023-12-16 00:00:00'),(2237,3,9,1,151,-18.19,NULL,'2023-12-16 00:00:00'),(2238,3,9,1,152,-28.58,NULL,'2023-12-16 00:00:00'),(2239,3,9,1,150,-5.31,NULL,'2023-12-17 00:00:00'),(2240,3,9,1,151,-22.73,NULL,'2023-12-17 00:00:00'),(2241,3,9,1,152,-24.72,NULL,'2023-12-17 00:00:00'),(2242,3,9,1,150,-9.5,NULL,'2023-12-18 00:00:00'),(2243,3,9,1,151,-20.6,NULL,'2023-12-18 00:00:00'),(2244,3,9,1,152,-27.07,NULL,'2023-12-18 00:00:00'),(2245,3,9,1,150,-5.92,NULL,'2023-12-19 00:00:00'),(2246,3,9,1,151,-17.03,NULL,'2023-12-19 00:00:00'),(2247,3,9,1,152,-30.75,NULL,'2023-12-19 00:00:00'),(2248,3,9,1,150,-7.26,NULL,'2023-12-20 00:00:00'),(2249,3,9,1,151,-25.38,NULL,'2023-12-20 00:00:00'),(2250,3,9,1,152,-19.14,NULL,'2023-12-20 00:00:00'),(2251,3,9,1,150,-4.55,NULL,'2023-12-21 00:00:00'),(2252,3,9,1,151,-19.86,NULL,'2023-12-21 00:00:00'),(2253,3,9,1,152,-24.09,NULL,'2023-12-21 00:00:00'),(2254,3,9,1,150,-8.74,NULL,'2023-12-22 00:00:00'),(2255,3,9,1,151,-23.57,NULL,'2023-12-22 00:00:00'),(2256,3,9,1,152,-30.28,NULL,'2023-12-22 00:00:00'),(2257,3,9,1,150,-6.45,NULL,'2023-12-23 00:00:00'),(2258,3,9,1,151,-18.72,NULL,'2023-12-23 00:00:00'),(2259,3,9,1,152,-22.16,NULL,'2023-12-23 00:00:00'),(2260,3,9,1,150,-8.38,NULL,'2023-12-24 00:00:00'),(2261,3,9,1,151,-21.05,NULL,'2023-12-24 00:00:00'),(2262,3,9,1,152,-31.39,NULL,'2023-12-24 00:00:00'),(2263,3,9,1,150,-4.48,NULL,'2023-12-25 00:00:00'),(2264,3,9,1,151,-17.37,NULL,'2023-12-25 00:00:00'),(2265,3,9,1,152,-20.92,NULL,'2023-12-25 00:00:00'),(2266,3,9,1,150,-6.84,NULL,'2023-12-26 00:00:00'),(2267,3,9,1,151,-25.96,NULL,'2023-12-26 00:00:00'),(2268,3,9,1,152,-29.27,NULL,'2023-12-26 00:00:00'),(2269,3,9,1,150,-5.2,NULL,'2023-12-27 00:00:00'),(2270,3,9,1,151,-17.95,NULL,'2023-12-27 00:00:00'),(2271,3,9,1,152,-22.6,NULL,'2023-12-27 00:00:00'),(2272,3,9,1,150,-9.17,NULL,'2023-12-28 00:00:00'),(2273,3,9,1,151,-22.44,NULL,'2023-12-28 00:00:00'),(2274,3,9,1,152,-29.83,NULL,'2023-12-28 00:00:00'),(2275,3,9,1,150,-5.65,NULL,'2023-12-29 00:00:00'),(2276,3,9,1,151,-19.58,NULL,'2023-12-29 00:00:00'),(2277,3,9,1,152,-25.45,NULL,'2023-12-29 00:00:00'),(2278,3,9,1,150,-7.81,NULL,'2023-12-30 00:00:00'),(2279,3,9,1,151,-24.8,NULL,'2023-12-30 00:00:00'),(2280,3,9,1,152,-18.41,NULL,'2023-12-30 00:00:00'),(2281,3,9,1,150,-4.97,NULL,'2023-12-31 00:00:00'),(2282,3,9,1,151,-21.22,NULL,'2023-12-31 00:00:00'),(2283,3,9,1,152,-28.11,NULL,'2023-12-31 00:00:00'),(2290,3,9,1,157,-4,'','2024-01-28 21:19:00'),(2291,2,2,14,267,10000,'','2023-01-05 21:20:00'),(2292,2,2,14,267,10000,'','2023-02-06 21:58:00'),(2293,2,3,0,0,5000,'','2024-01-28 22:02:00'),(2294,2,2,0,0,-5000,'','2024-01-28 22:02:00'),(2295,2,2,14,267,10000,'','2023-03-05 12:51:00'),(2296,3,9,NULL,NULL,10000,'','2024-01-29 21:01:00'),(2297,2,2,NULL,NULL,-10000,'','2024-01-29 21:01:00'),(2298,3,6,2,160,-100,'','2024-02-01 21:14:00'),(2312,3,6,5,200,-250,'老婆充值','2024-02-03 10:02:00'),(2314,2,2,15,274,500,'','2024-02-03 10:17:00'),(2315,3,6,2,160,-122,'','2024-02-03 10:14:00'),(2320,3,9,1,157,-4,'','2024-02-03 11:10:00'),(2322,3,10,1,158,-10,'','2024-02-03 11:47:00'),(2323,3,9,11,254,-1000,'','2024-02-03 11:48:00'),(2324,1,15,16,281,100,'','2024-02-03 11:51:00'),(2325,3,8,1,157,-5,'','2024-02-03 11:02:00'),(2327,3,8,NULL,NULL,10,'','2024-02-03 12:30:00'),(2328,2,2,NULL,NULL,-10,'','2024-02-03 12:30:00'),(2347,2,2,3,177,-1000,'','2024-01-06 18:26:00'),(2348,1,15,15,274,1000,'','2024-02-08 22:38:00'),(2349,3,9,NULL,NULL,8800,'','2023-12-21 10:12:00'),(2350,2,2,NULL,NULL,-28772.15,'','2023-12-21 10:11:00'),(2351,2,68,NULL,NULL,15571.86,'','2023-12-21 19:12:00'),(2352,2,69,NULL,NULL,25665.6,'','2023-12-21 19:12:00'),(2353,4,77,NULL,NULL,51625.77,'','2023-12-21 19:12:00'),(2354,4,12,NULL,NULL,66718.99,'','2023-12-21 19:12:00'),(2355,4,11,NULL,NULL,130845.99,'','2023-12-21 19:12:00'),(2356,2,2,14,267,10733.77,'','2024-01-05 19:52:00'),(2357,2,2,14,267,24000,'奖金','2024-02-21 19:53:00'),(2358,2,2,14,267,10672.13,'','2024-02-05 19:54:00'),(2359,3,9,7,215,-1000,'','2024-02-21 22:36:00'),(2360,3,9,NULL,NULL,1000,'','2024-02-21 22:36:00'),(2361,2,2,NULL,NULL,-1000,'','2024-02-21 22:36:00'),(2362,3,75,1,150,-9,'','2024-01-01 14:21:00'),(2363,3,6,1,157,-5,'','2024-01-01 14:22:00'),(2364,3,75,1,152,-6,'','2024-01-01 14:22:00'),(2365,3,9,1,153,-39.4,'','2024-01-01 14:23:00'),(2366,3,9,1,152,-69.5,'','2024-01-01 14:23:00'),(2367,3,9,10,245,-1280,'','2024-01-01 14:24:00'),(2368,2,2,14,271,0.8,'','2024-02-22 14:25:00'),(2369,3,6,3,180,-500,'','2024-01-02 14:25:00'),(2370,3,6,1,157,-3,'','2024-01-02 14:25:00'),(2371,3,9,1,153,-16,'','2024-01-02 14:26:00'),(2372,3,9,1,154,-10.9,'','2024-01-02 14:26:00'),(2373,3,9,2,170,-19.4,'','2024-01-02 14:01:00'),(2374,3,6,1,153,-22,'','2024-01-03 14:28:00'),(2375,3,9,8,229,-13,'','2024-01-03 14:29:00'),(2376,2,2,15,274,15,'','2024-01-04 14:29:00'),(2377,2,2,2,167,-17,'','2024-01-04 14:30:00'),(2378,3,9,1,153,-42.9,'','2024-01-04 14:30:00'),(2379,3,9,2,160,-135.81,'','2024-01-04 14:31:00'),(2380,3,6,8,229,-333,'','2024-01-05 14:31:00'),(2381,3,6,10,245,-39.2,'','2024-01-06 14:40:00'),(2384,3,10,NULL,NULL,10,'','2024-02-22 14:45:00'),(2385,1,15,NULL,NULL,-10,'','2024-02-22 14:45:00'),(2386,3,6,10,245,-39,'','2024-01-06 18:02:00'),(2387,3,9,1,153,-12.6,'','2024-01-06 14:06:00'),(2388,3,9,2,167,-35,'','2024-01-06 18:08:00'),(2389,3,6,11,255,-22.3,'','2024-01-08 18:01:00'),(2390,3,9,1,153,-22,'','2024-01-08 18:09:00'),(2391,3,9,1,152,-50,'','2024-01-08 18:01:00'),(2392,3,6,5,200,-95,'','2024-01-09 18:11:00'),(2393,3,6,4,195,-936,'','2024-01-09 18:12:00'),(2394,3,9,1,153,-36.7,'','2024-01-11 18:13:00'),(2395,3,6,4,193,-27.4,'','2024-01-12 18:13:00'),(2396,3,9,2,161,-29.8,'','2024-01-12 18:14:00'),(2397,3,6,4,191,-5,'','2024-02-22 18:14:00'),(2398,3,6,4,195,-1092,'','2024-01-13 18:16:00'),(2399,3,6,3,180,-500,'','2024-01-13 18:17:00'),(2400,3,6,2,162,-10,'热水袋','2024-01-14 18:17:00'),(2401,3,9,11,255,-12.73,'','2024-01-15 18:20:00'),(2402,3,9,1,153,-16,'','2024-01-15 18:20:00'),(2403,3,9,2,160,-29.8,'','2024-01-16 18:21:00'),(2404,3,9,7,223,-90,'烤鸭','2024-01-17 18:21:00'),(2405,3,9,2,160,-153.35,'','2024-01-18 18:22:00'),(2406,3,8,2,163,-30,'','2024-01-19 18:24:00'),(2407,2,2,14,271,0.26,'','2024-01-20 18:25:00'),(2408,3,9,11,258,-44.9,'','2024-02-22 18:25:00'),(2409,3,9,1,153,-152,'','2024-01-22 18:26:00'),(2410,3,75,2,165,-49.85,'','2024-01-22 18:26:00'),(2411,3,6,2,167,-25.6,'','2024-01-23 18:27:00'),(2412,3,6,3,180,-200,'','2024-01-25 18:28:00'),(2413,3,9,1,153,-112.7,'','2024-01-26 18:28:00'),(2414,2,2,15,274,100,'奖学金','2024-01-27 18:29:00'),(2415,3,9,2,165,-120,'修手机','2024-01-28 18:29:00'),(2416,3,6,4,195,-729.34,'','2024-01-28 18:31:00'),(2417,3,9,8,230,-25,'理发','2024-01-28 18:32:00'),(2418,3,9,3,182,-30.2,'','2024-01-30 18:33:00'),(2419,3,9,2,162,-136,'扫墓','2024-01-30 18:37:00'),(2420,3,9,1,154,-4.99,'','2024-01-31 18:37:00'),(2421,2,2,15,274,200,'','2024-02-02 19:02:00'),(2422,3,6,2,160,-13.96,'','2024-02-02 19:01:00'),(2423,3,9,1,155,-55,'','2024-02-03 19:01:00'),(2424,3,6,3,179,-108.98,'','2024-02-03 19:02:00'),(2425,3,9,4,195,-2233.5,'','2024-02-04 19:02:00'),(2426,3,9,1,152,-23,'','2024-02-05 19:03:00'),(2427,3,9,11,258,-526,'','2024-02-06 19:03:00'),(2428,3,6,3,178,-145.81,'','2024-02-07 19:02:00'),(2429,2,69,7,222,-400,'','2024-02-08 19:05:00'),(2430,2,2,15,274,1000,'','2024-02-09 19:06:00'),(2431,3,6,1,152,-28.9,'','2024-02-10 19:06:00'),(2432,3,71,1,152,-30,'','2024-02-11 19:06:00'),(2433,3,9,1,155,-16,'','2024-02-11 19:07:00'),(2434,3,9,10,245,-1278.3,'','2024-02-12 19:07:00'),(2435,3,6,1,157,-47.7,'','2024-02-13 19:08:00'),(2436,3,8,2,161,-59,'','2024-02-14 19:08:00'),(2437,2,2,1,152,-249,'','2024-02-16 19:09:00'),(2438,3,71,1,152,-20,'','2024-02-22 19:10:00'),(2439,3,71,3,180,-500,'','2024-02-19 19:10:00'),(2440,3,71,11,255,-16.26,'','2024-02-19 19:10:00'),(2441,3,71,8,229,-17.94,'','2024-02-19 19:11:00'),(2442,2,2,14,267,100,'值班费用','2024-02-22 19:12:00'),(2443,3,71,10,245,-14.9,'','2024-02-24 12:00:00');
/*!40000 ALTER TABLE `flowfunds` ENABLE KEYS */;
UNLOCK TABLES;

--
-- Temporary view structure for view `flowfundsview`
--

DROP TABLE IF EXISTS `flowfundsview`;
/*!50001 DROP VIEW IF EXISTS `flowfundsview`*/;
SET @saved_cs_client     = @@character_set_client;
/*!50503 SET character_set_client = utf8mb4 */;
/*!50001 CREATE VIEW `flowfundsview` AS SELECT 
 1 AS `idflowfunds`,
 1 AS `idaccount`,
 1 AS `idsubaccount`,
 1 AS `idclassification`,
 1 AS `idsubclassification`,
 1 AS `accountName`,
 1 AS `subaccountName`,
 1 AS `classificationName`,
 1 AS `subclassificationName`,
 1 AS `money`,
 1 AS `beizhu`,
 1 AS `chargeDateTime`*/;
SET character_set_client = @saved_cs_client;

--
-- Table structure for table `pwdsetting`
--

DROP TABLE IF EXISTS `pwdsetting`;
/*!40101 SET @saved_cs_client     = @@character_set_client */;
/*!50503 SET character_set_client = utf8mb4 */;
CREATE TABLE `pwdsetting` (
  `idpassword` int NOT NULL AUTO_INCREMENT,
  `password` varchar(100) DEFAULT NULL,
  PRIMARY KEY (`idpassword`)
) ENGINE=InnoDB AUTO_INCREMENT=5 DEFAULT CHARSET=utf8mb4 COLLATE=utf8mb4_0900_ai_ci COMMENT='密码设置';
/*!40101 SET character_set_client = @saved_cs_client */;

--
-- Dumping data for table `pwdsetting`
--

LOCK TABLES `pwdsetting` WRITE;
/*!40000 ALTER TABLE `pwdsetting` DISABLE KEYS */;
/*!40000 ALTER TABLE `pwdsetting` ENABLE KEYS */;
UNLOCK TABLES;

--
-- Table structure for table `recentaccount`
--

DROP TABLE IF EXISTS `recentaccount`;
/*!40101 SET @saved_cs_client     = @@character_set_client */;
/*!50503 SET character_set_client = utf8mb4 */;
CREATE TABLE `recentaccount` (
  `idrecentAccount` int NOT NULL AUTO_INCREMENT,
  `idsubaccount` int DEFAULT NULL,
  `idaccount` int DEFAULT NULL,
  `dateTimeAccount` datetime DEFAULT NULL,
  PRIMARY KEY (`idrecentAccount`)
) ENGINE=InnoDB AUTO_INCREMENT=153 DEFAULT CHARSET=utf8mb4 COLLATE=utf8mb4_0900_ai_ci COMMENT='最近使用的账户';
/*!40101 SET character_set_client = @saved_cs_client */;

--
-- Dumping data for table `recentaccount`
--

LOCK TABLES `recentaccount` WRITE;
/*!40000 ALTER TABLE `recentaccount` DISABLE KEYS */;
INSERT INTO `recentaccount` VALUES (1,9,3,'2023-01-01 08:00:00'),(2,2,2,'2023-01-12 09:00:00'),(7,9,3,'2024-01-28 20:18:00'),(8,9,3,'2024-01-28 20:38:00'),(9,9,3,'2024-01-28 20:56:00'),(10,9,3,'2024-01-28 21:19:00'),(11,2,2,'2023-01-05 21:20:00'),(12,2,2,'2023-02-06 21:58:00'),(13,3,2,'2024-01-28 22:02:00'),(14,2,2,'2024-01-28 22:02:00'),(15,2,2,'2023-03-05 12:51:00'),(16,6,3,'2024-02-01 21:14:00'),(27,6,3,'2024-02-03 10:16:00'),(30,6,3,'2024-02-03 10:59:00'),(31,2,2,'2024-02-03 10:54:00'),(32,2,2,'2024-02-03 10:17:00'),(33,6,3,'2024-02-03 10:14:00'),(38,9,3,'2024-02-03 11:10:00'),(40,10,3,'2024-02-03 11:47:00'),(41,9,3,'2024-02-03 11:48:00'),(42,15,1,'2024-02-03 11:51:00'),(43,8,3,'2024-02-03 11:53:00'),(44,8,3,'2024-02-03 12:30:00'),(45,2,2,'2024-02-03 12:30:00'),(53,8,3,'2024-02-03 21:18:00'),(54,14,5,'2024-02-03 21:19:00'),(55,12,4,'2024-02-03 21:19:00'),(56,14,5,'2024-02-03 21:23:00'),(57,14,5,'2024-02-03 21:24:00'),(58,14,5,'2024-02-03 21:24:00'),(59,14,5,'2024-02-03 21:24:00'),(60,2,2,'2024-01-05 18:25:00'),(61,2,2,'2024-01-06 18:26:00'),(62,15,1,'2024-02-08 22:38:00'),(63,9,3,'2023-12-21 10:11:00'),(64,2,2,'2023-12-21 10:11:00'),(65,2,2,'2024-01-05 19:52:00'),(66,2,2,'2024-02-21 19:53:00'),(67,2,2,'2024-02-05 19:54:00'),(68,9,3,'2024-02-21 22:36:00'),(69,9,3,'2024-02-21 22:36:00'),(70,2,2,'2024-02-21 22:36:00'),(71,75,3,'2024-01-01 14:21:00'),(72,6,3,'2024-01-01 14:22:00'),(73,75,3,'2024-01-01 14:22:00'),(74,9,3,'2024-01-01 14:23:00'),(75,9,3,'2024-01-01 14:23:00'),(76,9,3,'2024-01-01 14:24:00'),(77,2,2,'2024-02-22 14:25:00'),(78,6,3,'2024-01-02 14:25:00'),(79,6,3,'2024-01-02 14:25:00'),(80,9,3,'2024-01-02 14:26:00'),(81,9,3,'2024-01-02 14:26:00'),(82,9,3,'2024-02-22 14:27:00'),(83,6,3,'2024-01-03 14:28:00'),(84,9,3,'2024-01-03 14:29:00'),(85,2,2,'2024-01-04 14:29:00'),(86,2,2,'2024-01-04 14:30:00'),(87,9,3,'2024-01-04 14:30:00'),(88,9,3,'2024-01-04 14:31:00'),(89,6,3,'2024-01-05 14:31:00'),(90,6,3,'2024-01-06 14:40:00'),(91,10,3,'2024-02-22 14:44:00'),(92,14,5,'2024-02-22 14:44:00'),(93,10,3,'2024-02-22 14:45:00'),(94,15,1,'2024-02-22 14:45:00'),(95,6,3,'2024-01-06 18:02:00'),(96,9,3,'2024-01-06 14:06:00'),(97,9,3,'2024-01-06 18:08:00'),(98,6,3,'2024-02-22 18:08:00'),(99,9,3,'2024-01-08 18:09:00'),(100,9,3,'2024-02-22 18:09:00'),(101,6,3,'2024-01-09 18:11:00'),(102,6,3,'2024-01-09 18:12:00'),(103,9,3,'2024-01-11 18:13:00'),(104,6,3,'2024-01-12 18:13:00'),(105,9,3,'2024-01-12 18:14:00'),(106,6,3,'2024-02-22 18:14:00'),(107,6,3,'2024-01-13 18:16:00'),(108,6,3,'2024-01-13 18:17:00'),(109,6,3,'2024-01-14 18:17:00'),(110,9,3,'2024-01-15 18:20:00'),(111,9,3,'2024-01-15 18:20:00'),(112,9,3,'2024-01-16 18:21:00'),(113,9,3,'2024-01-17 18:21:00'),(114,9,3,'2024-01-18 18:22:00'),(115,8,3,'2024-01-19 18:24:00'),(116,2,2,'2024-01-20 18:25:00'),(117,9,3,'2024-02-22 18:25:00'),(118,9,3,'2024-01-22 18:26:00'),(119,75,3,'2024-01-22 18:26:00'),(120,6,3,'2024-01-23 18:27:00'),(121,6,3,'2024-01-25 18:28:00'),(122,9,3,'2024-01-26 18:28:00'),(123,2,2,'2024-01-27 18:29:00'),(124,9,3,'2024-01-28 18:29:00'),(125,6,3,'2024-01-28 18:31:00'),(126,9,3,'2024-01-28 18:32:00'),(127,9,3,'2024-01-30 18:33:00'),(128,9,3,'2024-01-30 18:37:00'),(129,9,3,'2024-01-31 18:37:00'),(130,2,2,'2024-02-22 19:00:00'),(131,6,3,'2024-02-02 19:01:00'),(132,9,3,'2024-02-03 19:01:00'),(133,6,3,'2024-02-03 19:02:00'),(134,9,3,'2024-02-04 19:02:00'),(135,9,3,'2024-02-05 19:03:00'),(136,9,3,'2024-02-06 19:03:00'),(137,6,3,'2024-02-22 19:04:00'),(138,69,2,'2024-02-08 19:05:00'),(139,2,2,'2024-02-09 19:06:00'),(140,6,3,'2024-02-10 19:06:00'),(141,71,3,'2024-02-11 19:06:00'),(142,9,3,'2024-02-11 19:07:00'),(143,9,3,'2024-02-12 19:07:00'),(144,6,3,'2024-02-13 19:08:00'),(145,8,3,'2024-02-14 19:08:00'),(146,2,2,'2024-02-16 19:09:00'),(147,71,3,'2024-02-22 19:10:00'),(148,71,3,'2024-02-19 19:10:00'),(149,71,3,'2024-02-19 19:10:00'),(150,71,3,'2024-02-19 19:11:00'),(151,2,2,'2024-02-22 19:12:00'),(152,71,3,'2024-02-24 12:00:00');
/*!40000 ALTER TABLE `recentaccount` ENABLE KEYS */;
UNLOCK TABLES;

--
-- Temporary view structure for view `recentaccountview`
--

DROP TABLE IF EXISTS `recentaccountview`;
/*!50001 DROP VIEW IF EXISTS `recentaccountview`*/;
SET @saved_cs_client     = @@character_set_client;
/*!50503 SET character_set_client = utf8mb4 */;
/*!50001 CREATE VIEW `recentaccountview` AS SELECT 
 1 AS `idsubaccount`,
 1 AS `idaccount`,
 1 AS `subaccountName`,
 1 AS `accountName`*/;
SET character_set_client = @saved_cs_client;

--
-- Table structure for table `recentclassification`
--

DROP TABLE IF EXISTS `recentclassification`;
/*!40101 SET @saved_cs_client     = @@character_set_client */;
/*!50503 SET character_set_client = utf8mb4 */;
CREATE TABLE `recentclassification` (
  `idrecentclassification` int NOT NULL AUTO_INCREMENT,
  `idsubclassification` int DEFAULT NULL,
  `idclassification` int DEFAULT NULL,
  `flag` varchar(3) DEFAULT NULL,
  `dateTimeClassification` datetime DEFAULT NULL,
  PRIMARY KEY (`idrecentclassification`)
) ENGINE=InnoDB AUTO_INCREMENT=136 DEFAULT CHARSET=utf8mb4 COLLATE=utf8mb4_0900_ai_ci COMMENT='最近支出类别';
/*!40101 SET character_set_client = @saved_cs_client */;

--
-- Dumping data for table `recentclassification`
--

LOCK TABLES `recentclassification` WRITE;
/*!40000 ALTER TABLE `recentclassification` DISABLE KEYS */;
INSERT INTO `recentclassification` VALUES (1,150,1,'out','2023-01-01 08:00:00'),(3,150,1,'out','2024-01-28 20:56:00'),(4,157,1,'out','2024-01-28 21:19:00'),(5,267,14,'in','2023-01-05 21:20:00'),(6,267,14,'in','2023-02-06 21:58:00'),(7,267,14,'in','2023-03-05 12:51:00'),(8,160,2,'out','2024-02-01 21:14:00'),(9,160,2,'out','2024-02-01 21:49:00'),(10,177,3,'out','2024-02-01 21:09:00'),(11,160,2,'out','2024-02-01 22:37:00'),(12,160,2,'out','2024-02-01 22:50:00'),(13,160,2,'out','2024-02-01 22:01:00'),(14,203,6,'out','2024-02-01 22:11:00'),(15,160,2,'out','2024-02-01 22:36:00'),(16,240,10,'out','2024-02-01 22:44:00'),(17,160,2,'out','2024-02-01 22:38:00'),(18,200,5,'out','2024-02-01 22:52:00'),(19,284,16,'in','2024-02-01 22:52:00'),(20,200,5,'out','2024-02-03 10:16:00'),(21,264,13,'out','2024-02-03 10:20:00'),(22,200,5,'out','2024-02-03 10:24:00'),(23,200,5,'out','2024-02-03 10:59:00'),(24,267,14,'in','2024-02-03 10:54:00'),(25,274,15,'in','2024-02-03 10:17:00'),(26,160,2,'out','2024-02-03 10:14:00'),(27,264,13,'out','2024-02-03 11:45:00'),(28,264,13,'out','2024-02-03 11:31:00'),(29,264,13,'out','2024-02-03 11:02:00'),(30,215,7,'out','2024-02-03 11:09:00'),(31,157,1,'out','2024-02-03 11:10:00'),(32,215,7,'out','2024-02-03 11:46:00'),(33,158,1,'out','2024-02-03 11:47:00'),(34,254,11,'out','2024-02-03 11:48:00'),(35,281,16,'in','2024-02-03 11:51:00'),(36,157,1,'out','2024-02-03 11:53:00'),(37,157,1,'out','2024-02-03 17:04:00'),(38,157,1,'out','2024-02-03 17:05:00'),(39,215,7,'out','2024-02-03 17:23:00'),(40,225,8,'out','2024-02-03 17:23:00'),(41,240,10,'out','2024-02-03 17:23:00'),(42,281,16,'in','2024-02-03 17:23:00'),(43,274,15,'in','2024-02-03 17:24:00'),(51,267,14,'in','2024-01-05 18:25:00'),(52,177,3,'out','2024-01-06 18:26:00'),(53,274,15,'in','2024-02-08 22:38:00'),(54,267,14,'in','2024-01-05 19:52:00'),(55,267,14,'in','2024-02-21 19:53:00'),(56,267,14,'in','2024-02-05 19:54:00'),(57,215,7,'out','2024-02-21 22:36:00'),(58,150,1,'out','2024-01-01 14:21:00'),(59,157,1,'out','2024-01-01 14:22:00'),(60,152,1,'out','2024-01-01 14:22:00'),(61,153,1,'out','2024-01-01 14:23:00'),(62,152,1,'out','2024-01-01 14:23:00'),(63,245,10,'out','2024-01-01 14:24:00'),(64,271,14,'in','2024-02-22 14:25:00'),(65,180,3,'out','2024-01-02 14:25:00'),(66,157,1,'out','2024-01-02 14:25:00'),(67,153,1,'out','2024-01-02 14:26:00'),(68,154,1,'out','2024-01-02 14:26:00'),(69,170,2,'out','2024-02-22 14:27:00'),(70,153,1,'out','2024-01-03 14:28:00'),(71,229,8,'out','2024-01-03 14:29:00'),(72,274,15,'in','2024-01-04 14:29:00'),(73,167,2,'out','2024-01-04 14:30:00'),(74,153,1,'out','2024-01-04 14:30:00'),(75,160,2,'out','2024-01-04 14:31:00'),(76,229,8,'out','2024-01-05 14:31:00'),(77,245,10,'out','2024-01-06 14:40:00'),(78,245,10,'out','2024-01-06 18:02:00'),(79,153,1,'out','2024-01-06 14:06:00'),(80,167,2,'out','2024-01-06 18:08:00'),(81,255,11,'out','2024-02-22 18:08:00'),(82,153,1,'out','2024-01-08 18:09:00'),(83,152,1,'out','2024-02-22 18:09:00'),(84,200,5,'out','2024-01-09 18:11:00'),(85,195,4,'out','2024-01-09 18:12:00'),(86,153,1,'out','2024-01-11 18:13:00'),(87,193,4,'out','2024-01-12 18:13:00'),(88,161,2,'out','2024-01-12 18:14:00'),(89,191,4,'out','2024-02-22 18:14:00'),(90,195,4,'out','2024-01-13 18:16:00'),(91,180,3,'out','2024-01-13 18:17:00'),(92,162,2,'out','2024-01-14 18:17:00'),(93,255,11,'out','2024-01-15 18:20:00'),(94,153,1,'out','2024-01-15 18:20:00'),(95,160,2,'out','2024-01-16 18:21:00'),(96,223,7,'out','2024-01-17 18:21:00'),(97,160,2,'out','2024-01-18 18:22:00'),(98,163,2,'out','2024-01-19 18:24:00'),(99,271,14,'in','2024-01-20 18:25:00'),(100,258,11,'out','2024-02-22 18:25:00'),(101,153,1,'out','2024-01-22 18:26:00'),(102,165,2,'out','2024-01-22 18:26:00'),(103,167,2,'out','2024-01-23 18:27:00'),(104,180,3,'out','2024-01-25 18:28:00'),(105,153,1,'out','2024-01-26 18:28:00'),(106,274,15,'in','2024-01-27 18:29:00'),(107,165,2,'out','2024-01-28 18:29:00'),(108,195,4,'out','2024-01-28 18:31:00'),(109,230,8,'out','2024-01-28 18:32:00'),(110,182,3,'out','2024-01-30 18:33:00'),(111,162,2,'out','2024-01-30 18:37:00'),(112,154,1,'out','2024-01-31 18:37:00'),(113,274,15,'in','2024-02-22 19:00:00'),(114,160,2,'out','2024-02-02 19:01:00'),(115,155,1,'out','2024-02-03 19:01:00'),(116,179,3,'out','2024-02-03 19:02:00'),(117,195,4,'out','2024-02-04 19:02:00'),(118,152,1,'out','2024-02-05 19:03:00'),(119,258,11,'out','2024-02-06 19:03:00'),(120,178,3,'out','2024-02-22 19:04:00'),(121,222,7,'out','2024-02-08 19:05:00'),(122,274,15,'in','2024-02-09 19:06:00'),(123,152,1,'out','2024-02-10 19:06:00'),(124,152,1,'out','2024-02-11 19:06:00'),(125,155,1,'out','2024-02-11 19:07:00'),(126,245,10,'out','2024-02-12 19:07:00'),(127,157,1,'out','2024-02-13 19:08:00'),(128,161,2,'out','2024-02-14 19:08:00'),(129,152,1,'out','2024-02-16 19:09:00'),(130,152,1,'out','2024-02-22 19:10:00'),(131,180,3,'out','2024-02-19 19:10:00'),(132,255,11,'out','2024-02-19 19:10:00'),(133,229,8,'out','2024-02-19 19:11:00'),(134,267,14,'in','2024-02-22 19:12:00'),(135,245,10,'out','2024-02-24 12:00:00');
/*!40000 ALTER TABLE `recentclassification` ENABLE KEYS */;
UNLOCK TABLES;

--
-- Temporary view structure for view `recentclassificationview`
--

DROP TABLE IF EXISTS `recentclassificationview`;
/*!50001 DROP VIEW IF EXISTS `recentclassificationview`*/;
SET @saved_cs_client     = @@character_set_client;
/*!50503 SET character_set_client = utf8mb4 */;
/*!50001 CREATE VIEW `recentclassificationview` AS SELECT 
 1 AS `idsubclassification`,
 1 AS `idclassification`,
 1 AS `subclassificationName`,
 1 AS `classificationName`,
 1 AS `flag`*/;
SET character_set_client = @saved_cs_client;

--
-- Table structure for table `subaccount`
--

DROP TABLE IF EXISTS `subaccount`;
/*!40101 SET @saved_cs_client     = @@character_set_client */;
/*!50503 SET character_set_client = utf8mb4 */;
CREATE TABLE `subaccount` (
  `idsubaccount` int NOT NULL AUTO_INCREMENT,
  `subaccountName` varchar(100) DEFAULT NULL,
  `idaccount` int DEFAULT NULL,
  PRIMARY KEY (`idsubaccount`),
  UNIQUE KEY `subaccountName_UNIQUE` (`subaccountName`)
) ENGINE=InnoDB AUTO_INCREMENT=86 DEFAULT CHARSET=utf8mb4 COLLATE=utf8mb4_0900_ai_ci COMMENT='二级账户表';
/*!40101 SET character_set_client = @saved_cs_client */;

--
-- Dumping data for table `subaccount`
--

LOCK TABLES `subaccount` WRITE;
/*!40000 ALTER TABLE `subaccount` DISABLE KEYS */;
INSERT INTO `subaccount` VALUES (2,'江苏银行（4306）',2),(3,'建设银行（6996）',2),(6,'中国银行信用卡（6013）',3),(8,'光大银行信用卡（8819）',3),(9,'花呗1',3),(10,'京东白条',3),(11,'股票',4),(12,'基金',4),(13,'支付宝余额',5),(14,'微信钱包',5),(15,'人民币（零钱）',1),(31,'美元（钱包）',1),(68,'工商银行（7900）',2),(69,'农业银行（1234）',2),(70,'华夏银行信用卡（1234）',3),(71,'中国银行信用卡（1831）',3),(72,'工商银行信用卡（1234）',3),(73,'中国银行（6666）',2),(75,'花呗2',3),(77,'余额宝',4);
/*!40000 ALTER TABLE `subaccount` ENABLE KEYS */;
UNLOCK TABLES;

--
-- Temporary view structure for view `subaccountbalanceview`
--

DROP TABLE IF EXISTS `subaccountbalanceview`;
/*!50001 DROP VIEW IF EXISTS `subaccountbalanceview`*/;
SET @saved_cs_client     = @@character_set_client;
/*!50503 SET character_set_client = utf8mb4 */;
/*!50001 CREATE VIEW `subaccountbalanceview` AS SELECT 
 1 AS `idsubaccount`,
 1 AS `idaccount`,
 1 AS `subaccountName`,
 1 AS `totalMoney`*/;
SET character_set_client = @saved_cs_client;

--
-- Temporary view structure for view `subaccountview`
--

DROP TABLE IF EXISTS `subaccountview`;
/*!50001 DROP VIEW IF EXISTS `subaccountview`*/;
SET @saved_cs_client     = @@character_set_client;
/*!50503 SET character_set_client = utf8mb4 */;
/*!50001 CREATE VIEW `subaccountview` AS SELECT 
 1 AS `idsubaccount`,
 1 AS `idaccount`,
 1 AS `subaccountName`,
 1 AS `accountName`*/;
SET character_set_client = @saved_cs_client;

--
-- Table structure for table `subclassification`
--

DROP TABLE IF EXISTS `subclassification`;
/*!40101 SET @saved_cs_client     = @@character_set_client */;
/*!50503 SET character_set_client = utf8mb4 */;
CREATE TABLE `subclassification` (
  `idsubclassification` int NOT NULL AUTO_INCREMENT,
  `subclassificationName` varchar(100) DEFAULT NULL,
  `idclassification` int DEFAULT NULL,
  `flag` varchar(3) DEFAULT NULL,
  PRIMARY KEY (`idsubclassification`),
  UNIQUE KEY `subclassificationName_UNIQUE` (`subclassificationName`)
) ENGINE=InnoDB AUTO_INCREMENT=299 DEFAULT CHARSET=utf8mb4 COLLATE=utf8mb4_0900_ai_ci COMMENT='二级支出（收入）分类';
/*!40101 SET character_set_client = @saved_cs_client */;

--
-- Dumping data for table `subclassification`
--

LOCK TABLES `subclassification` WRITE;
/*!40000 ALTER TABLE `subclassification` DISABLE KEYS */;
INSERT INTO `subclassification` VALUES (150,'早餐',1,'out'),(151,'中餐',1,'out'),(152,'晚餐',1,'out'),(153,'买菜',1,'out'),(154,'零食',1,'out'),(155,'水果',1,'out'),(156,'伙食费',1,'out'),(157,'饮料酒水',1,'out'),(158,'柴米油盐',1,'out'),(159,'外出美食',1,'out'),(160,'超市购物',2,'out'),(161,'衣裤鞋帽',2,'out'),(162,'日常用品',2,'out'),(163,'洗护用品',2,'out'),(164,'美妆护肤',2,'out'),(165,'电子数码',2,'out'),(166,'居家装饰',2,'out'),(167,'厨房用品',2,'out'),(168,'家用纺织',2,'out'),(169,'家具家电',2,'out'),(170,'清洁用品',2,'out'),(171,'汽车用品',2,'out'),(172,'宠物支出',2,'out'),(173,'办公用品',2,'out'),(174,'书包杂志',2,'out'),(175,'运动器械',2,'out'),(176,'珠宝首饰',2,'out'),(177,'房租',3,'out'),(178,'水费',3,'out'),(179,'电费',3,'out'),(180,'燃气费',3,'out'),(181,'物业费',3,'out'),(182,'快递费',3,'out'),(183,'维修费',3,'out'),(184,'电视费',3,'out'),(185,'加油',4,'out'),(186,'停车',4,'out'),(187,'保养',4,'out'),(188,'维修',4,'out'),(189,'违章罚款',4,'out'),(190,'保险',4,'out'),(191,'公交',4,'out'),(192,'地铁',4,'out'),(193,'打车',4,'out'),(194,'租车',4,'out'),(195,'火车',4,'out'),(196,'飞机',4,'out'),(197,'驾照',4,'out'),(198,'自行车',4,'out'),(199,'电动车充电',4,'out'),(200,'手机话费',5,'out'),(201,'网费',5,'out'),(202,'座机费',5,'out'),(203,'电影',6,'out'),(204,'K歌',6,'out'),(205,'运动',6,'out'),(206,'网游',6,'out'),(207,'话剧',6,'out'),(208,'麻将',6,'out'),(209,'棋牌',6,'out'),(210,'彩票',6,'out'),(211,'聚会',6,'out'),(212,'演唱会',6,'out'),(213,'温泉洗浴',6,'out'),(214,'其他娱乐',6,'out'),(215,'请客',7,'out'),(216,'婚嫁',7,'out'),(217,'满月',7,'out'),(218,'乔迁',7,'out'),(219,'寿辰',7,'out'),(220,'升学',7,'out'),(221,'白事',7,'out'),(222,'红包',7,'out'),(223,'孝敬长辈',7,'out'),(224,'其他',7,'out'),(225,'宝宝食品',8,'out'),(226,'宝宝用品',8,'out'),(227,'医疗护理',8,'out'),(228,'妈妈用品',8,'out'),(229,'宝宝教育',8,'out'),(230,'宝宝其他',8,'out'),(231,'宝宝玩具',8,'out'),(232,'宝宝娱乐',8,'out'),(233,'宝宝衣物',8,'out'),(234,'交通费',9,'out'),(235,'住宿费',9,'out'),(236,'娱乐费',9,'out'),(237,'餐饮费',9,'out'),(238,'出行用品',9,'out'),(239,'其他消费',9,'out'),(240,'银行手续',10,'out'),(241,'按揭还款',10,'out'),(242,'投资亏损',10,'out'),(243,'房贷',10,'out'),(244,'车贷',10,'out'),(245,'人身保险',10,'out'),(246,'汽车首付',10,'out'),(247,'车贷手续',10,'out'),(248,'消费税收',10,'out'),(249,'房屋首付',10,'out'),(250,'利息支出',10,'out'),(251,'赔偿罚款',10,'out'),(252,'房贷手续',10,'out'),(253,'税费',10,'out'),(254,'学费',11,'out'),(255,'药品费',11,'out'),(256,'治疗费',11,'out'),(257,'住院费',11,'out'),(258,'护理费',11,'out'),(259,'装修材料',12,'out'),(260,'家电家具',12,'out'),(261,'装修装饰',12,'out'),(262,'装修人工',12,'out'),(263,'装修其他',12,'out'),(264,'意外丢失',13,'out'),(265,'烂账损失',13,'out'),(266,'其他支出',13,'out'),(267,'工资收入',14,'in'),(268,'利息收入',14,'in'),(269,'加班收入',14,'in'),(270,'奖金收入',14,'in'),(271,'理财收入',14,'in'),(272,'兼职收入',14,'in'),(273,'退税',14,'in'),(274,'所收红包',15,'in'),(275,'婚嫁收礼',15,'in'),(276,'满月收礼',15,'in'),(277,'乔迁收礼',15,'in'),(278,'寿辰收礼',15,'in'),(279,'升学收礼',15,'in'),(280,'白事收礼',15,'in'),(281,'礼金收入',16,'in'),(282,'中奖收入',16,'in'),(283,'意外来钱',16,'in'),(284,'经营所得',16,'in');
/*!40000 ALTER TABLE `subclassification` ENABLE KEYS */;
UNLOCK TABLES;

--
-- Temporary view structure for view `subclassificationview`
--

DROP TABLE IF EXISTS `subclassificationview`;
/*!50001 DROP VIEW IF EXISTS `subclassificationview`*/;
SET @saved_cs_client     = @@character_set_client;
/*!50503 SET character_set_client = utf8mb4 */;
/*!50001 CREATE VIEW `subclassificationview` AS SELECT 
 1 AS `idsubclassification`,
 1 AS `idclassification`,
 1 AS `subclassificationName`,
 1 AS `classificationName`,
 1 AS `flag`*/;
SET character_set_client = @saved_cs_client;

--
-- Final view structure for view `accountbalanceview`
--

/*!50001 DROP VIEW IF EXISTS `accountbalanceview`*/;
/*!50001 SET @saved_cs_client          = @@character_set_client */;
/*!50001 SET @saved_cs_results         = @@character_set_results */;
/*!50001 SET @saved_col_connection     = @@collation_connection */;
/*!50001 SET character_set_client      = utf8mb4 */;
/*!50001 SET character_set_results     = utf8mb4 */;
/*!50001 SET collation_connection      = utf8mb4_0900_ai_ci */;
/*!50001 CREATE ALGORITHM=UNDEFINED */
/*!50013 DEFINER=`root`@`localhost` SQL SECURITY DEFINER */
/*!50001 VIEW `accountbalanceview` AS select `a`.`idaccount` AS `idaccount`,`a`.`accountName` AS `accountName`,round(sum(`ff`.`money`),2) AS `totalMoney` from (`accounts` `a` join `flowfunds` `ff` on((`a`.`idaccount` = `ff`.`idaccount`))) group by `a`.`idaccount`,`a`.`accountName` */;
/*!50001 SET character_set_client      = @saved_cs_client */;
/*!50001 SET character_set_results     = @saved_cs_results */;
/*!50001 SET collation_connection      = @saved_col_connection */;

--
-- Final view structure for view `assetsview`
--

/*!50001 DROP VIEW IF EXISTS `assetsview`*/;
/*!50001 SET @saved_cs_client          = @@character_set_client */;
/*!50001 SET @saved_cs_results         = @@character_set_results */;
/*!50001 SET @saved_col_connection     = @@collation_connection */;
/*!50001 SET character_set_client      = utf8mb4 */;
/*!50001 SET character_set_results     = utf8mb4 */;
/*!50001 SET collation_connection      = utf8mb4_0900_ai_ci */;
/*!50001 CREATE ALGORITHM=UNDEFINED */
/*!50013 DEFINER=`root`@`localhost` SQL SECURITY DEFINER */
/*!50001 VIEW `assetsview` AS select date_format(`monthly_totals`.`last_day_of_month_date`,'%Y-%m-%d') AS `last_day_of_month_str`,round(sum(`monthly_totals`.`monthly_total`) OVER (ORDER BY `monthly_totals`.`last_day_of_month_date` ROWS BETWEEN UNBOUNDED PRECEDING AND CURRENT ROW) ,2) AS `cumulative_total` from (select last_day(str_to_date(concat(convert(date_format(`flowfunds`.`chargeDateTime`,'%Y-%m') using utf8mb4),'-01'),'%Y-%m-%d')) AS `last_day_of_month_date`,round(sum(`flowfunds`.`money`),2) AS `monthly_total` from `flowfunds` group by `last_day_of_month_date`) `monthly_totals` order by `monthly_totals`.`last_day_of_month_date` */;
/*!50001 SET character_set_client      = @saved_cs_client */;
/*!50001 SET character_set_results     = @saved_cs_results */;
/*!50001 SET collation_connection      = @saved_col_connection */;

--
-- Final view structure for view `bankview`
--

/*!50001 DROP VIEW IF EXISTS `bankview`*/;
/*!50001 SET @saved_cs_client          = @@character_set_client */;
/*!50001 SET @saved_cs_results         = @@character_set_results */;
/*!50001 SET @saved_col_connection     = @@collation_connection */;
/*!50001 SET character_set_client      = utf8mb4 */;
/*!50001 SET character_set_results     = utf8mb4 */;
/*!50001 SET collation_connection      = utf8mb4_0900_ai_ci */;
/*!50001 CREATE ALGORITHM=UNDEFINED */
/*!50013 DEFINER=`root`@`localhost` SQL SECURITY DEFINER */
/*!50001 VIEW `bankview` AS select distinct substring_index(substring_index(`subaccount`.`subaccountName`,'信用卡',1),'（',1) AS `cleaned_subaccountName` from `subaccount` where regexp_like(`subaccount`.`subaccountName`,'.*银行.*') */;
/*!50001 SET character_set_client      = @saved_cs_client */;
/*!50001 SET character_set_results     = @saved_cs_results */;
/*!50001 SET collation_connection      = @saved_col_connection */;

--
-- Final view structure for view `flowfundsview`
--

/*!50001 DROP VIEW IF EXISTS `flowfundsview`*/;
/*!50001 SET @saved_cs_client          = @@character_set_client */;
/*!50001 SET @saved_cs_results         = @@character_set_results */;
/*!50001 SET @saved_col_connection     = @@collation_connection */;
/*!50001 SET character_set_client      = utf8mb4 */;
/*!50001 SET character_set_results     = utf8mb4 */;
/*!50001 SET collation_connection      = utf8mb4_0900_ai_ci */;
/*!50001 CREATE ALGORITHM=UNDEFINED */
/*!50013 DEFINER=`root`@`localhost` SQL SECURITY DEFINER */
/*!50001 VIEW `flowfundsview` AS select `ff`.`idflowfunds` AS `idflowfunds`,`a`.`idaccount` AS `idaccount`,`sa`.`idsubaccount` AS `idsubaccount`,`c`.`idclassification` AS `idclassification`,`sc`.`idsubclassification` AS `idsubclassification`,`a`.`accountName` AS `accountName`,`sa`.`subaccountName` AS `subaccountName`,`c`.`classificationName` AS `classificationName`,`sc`.`subclassificationName` AS `subclassificationName`,`ff`.`money` AS `money`,`ff`.`beizhu` AS `beizhu`,`ff`.`chargeDateTime` AS `chargeDateTime` from ((((`flowfunds` `ff` join `accounts` `a` on((`ff`.`idaccount` = `a`.`idaccount`))) join `subaccount` `sa` on((`ff`.`idsubaccount` = `sa`.`idsubaccount`))) left join `classification` `c` on((`ff`.`idclassification` = `c`.`idclassification`))) left join `subclassification` `sc` on((`ff`.`idsubclassification` = `sc`.`idsubclassification`))) order by `ff`.`idflowfunds` */;
/*!50001 SET character_set_client      = @saved_cs_client */;
/*!50001 SET character_set_results     = @saved_cs_results */;
/*!50001 SET collation_connection      = @saved_col_connection */;

--
-- Final view structure for view `recentaccountview`
--

/*!50001 DROP VIEW IF EXISTS `recentaccountview`*/;
/*!50001 SET @saved_cs_client          = @@character_set_client */;
/*!50001 SET @saved_cs_results         = @@character_set_results */;
/*!50001 SET @saved_col_connection     = @@collation_connection */;
/*!50001 SET character_set_client      = utf8mb4 */;
/*!50001 SET character_set_results     = utf8mb4 */;
/*!50001 SET collation_connection      = utf8mb4_0900_ai_ci */;
/*!50001 CREATE ALGORITHM=UNDEFINED */
/*!50013 DEFINER=`root`@`localhost` SQL SECURITY DEFINER */
/*!50001 VIEW `recentaccountview` AS with `rankedsubaccounts` as (select `s`.`idsubaccount` AS `idsubaccount`,`a`.`idaccount` AS `idaccount`,`s`.`subaccountName` AS `subaccountName`,`a`.`accountName` AS `accountName`,`r`.`dateTimeAccount` AS `dateTimeAccount`,row_number() OVER (PARTITION BY `s`.`subaccountName` ORDER BY `r`.`dateTimeAccount` desc )  AS `rn` from ((`recentaccount` `r` join `subaccount` `s` on((`r`.`idsubaccount` = `s`.`idsubaccount`))) join `accounts` `a` on((`r`.`idaccount` = `a`.`idaccount`)))) select `rankedsubaccounts`.`idsubaccount` AS `idsubaccount`,`rankedsubaccounts`.`idaccount` AS `idaccount`,`rankedsubaccounts`.`subaccountName` AS `subaccountName`,`rankedsubaccounts`.`accountName` AS `accountName` from `rankedsubaccounts` where (`rankedsubaccounts`.`rn` = 1) order by `rankedsubaccounts`.`dateTimeAccount` desc limit 5 */;
/*!50001 SET character_set_client      = @saved_cs_client */;
/*!50001 SET character_set_results     = @saved_cs_results */;
/*!50001 SET collation_connection      = @saved_col_connection */;

--
-- Final view structure for view `recentclassificationview`
--

/*!50001 DROP VIEW IF EXISTS `recentclassificationview`*/;
/*!50001 SET @saved_cs_client          = @@character_set_client */;
/*!50001 SET @saved_cs_results         = @@character_set_results */;
/*!50001 SET @saved_col_connection     = @@collation_connection */;
/*!50001 SET character_set_client      = utf8mb4 */;
/*!50001 SET character_set_results     = utf8mb4 */;
/*!50001 SET collation_connection      = utf8mb4_0900_ai_ci */;
/*!50001 CREATE ALGORITHM=UNDEFINED */
/*!50013 DEFINER=`root`@`localhost` SQL SECURITY DEFINER */
/*!50001 VIEW `recentclassificationview` AS with `rankedsubclassifications` as (select `rc`.`idrecentclassification` AS `idrecentclassification`,`sc`.`idsubclassification` AS `idsubclassification`,`c`.`idclassification` AS `idclassification`,`sc`.`subclassificationName` AS `subclassificationName`,`c`.`classificationName` AS `classificationName`,`rc`.`flag` AS `flag`,`rc`.`dateTimeClassification` AS `dateTimeClassification`,row_number() OVER (PARTITION BY `sc`.`subclassificationName`,`rc`.`flag` ORDER BY `rc`.`dateTimeClassification` desc )  AS `rn_subclassification` from ((`recentclassification` `rc` join `subclassification` `sc` on((`rc`.`idsubclassification` = `sc`.`idsubclassification`))) join `classification` `c` on((`rc`.`idclassification` = `c`.`idclassification`)))), `latestsubclassifications` as (select `rankedsubclassifications`.`idsubclassification` AS `idsubclassification`,`rankedsubclassifications`.`idclassification` AS `idclassification`,`rankedsubclassifications`.`subclassificationName` AS `subclassificationName`,`rankedsubclassifications`.`classificationName` AS `classificationName`,`rankedsubclassifications`.`flag` AS `flag`,`rankedsubclassifications`.`dateTimeClassification` AS `dateTimeClassification` from `rankedsubclassifications` where (`rankedsubclassifications`.`rn_subclassification` = 1)), `rankedlatestrecords` as (select `latestsubclassifications`.`idsubclassification` AS `idsubclassification`,`latestsubclassifications`.`idclassification` AS `idclassification`,`latestsubclassifications`.`subclassificationName` AS `subclassificationName`,`latestsubclassifications`.`classificationName` AS `classificationName`,`latestsubclassifications`.`flag` AS `flag`,`latestsubclassifications`.`dateTimeClassification` AS `dateTimeClassification`,row_number() OVER (PARTITION BY `latestsubclassifications`.`flag` ORDER BY `latestsubclassifications`.`dateTimeClassification` desc )  AS `rn_latest` from `latestsubclassifications`) select `rankedlatestrecords`.`idsubclassification` AS `idsubclassification`,`rankedlatestrecords`.`idclassification` AS `idclassification`,`rankedlatestrecords`.`subclassificationName` AS `subclassificationName`,`rankedlatestrecords`.`classificationName` AS `classificationName`,`rankedlatestrecords`.`flag` AS `flag` from `rankedlatestrecords` where (`rankedlatestrecords`.`rn_latest` <= 5) */;
/*!50001 SET character_set_client      = @saved_cs_client */;
/*!50001 SET character_set_results     = @saved_cs_results */;
/*!50001 SET collation_connection      = @saved_col_connection */;

--
-- Final view structure for view `subaccountbalanceview`
--

/*!50001 DROP VIEW IF EXISTS `subaccountbalanceview`*/;
/*!50001 SET @saved_cs_client          = @@character_set_client */;
/*!50001 SET @saved_cs_results         = @@character_set_results */;
/*!50001 SET @saved_col_connection     = @@collation_connection */;
/*!50001 SET character_set_client      = utf8mb4 */;
/*!50001 SET character_set_results     = utf8mb4 */;
/*!50001 SET collation_connection      = utf8mb4_0900_ai_ci */;
/*!50001 CREATE ALGORITHM=UNDEFINED */
/*!50013 DEFINER=`root`@`localhost` SQL SECURITY DEFINER */
/*!50001 VIEW `subaccountbalanceview` AS select `sa`.`idsubaccount` AS `idsubaccount`,`sa`.`idaccount` AS `idaccount`,`sa`.`subaccountName` AS `subaccountName`,round(coalesce(`ff_agg`.`totalMoney`,0),2) AS `totalMoney` from ((`subaccount` `sa` join `accounts` `a` on((`sa`.`idaccount` = `a`.`idaccount`))) left join (select `ff`.`idsubaccount` AS `idsubaccount`,round(sum(`ff`.`money`),2) AS `totalMoney` from `flowfunds` `ff` group by `ff`.`idsubaccount`) `ff_agg` on((`sa`.`idsubaccount` = `ff_agg`.`idsubaccount`))) */;
/*!50001 SET character_set_client      = @saved_cs_client */;
/*!50001 SET character_set_results     = @saved_cs_results */;
/*!50001 SET collation_connection      = @saved_col_connection */;

--
-- Final view structure for view `subaccountview`
--

/*!50001 DROP VIEW IF EXISTS `subaccountview`*/;
/*!50001 SET @saved_cs_client          = @@character_set_client */;
/*!50001 SET @saved_cs_results         = @@character_set_results */;
/*!50001 SET @saved_col_connection     = @@collation_connection */;
/*!50001 SET character_set_client      = utf8mb4 */;
/*!50001 SET character_set_results     = utf8mb4 */;
/*!50001 SET collation_connection      = utf8mb4_0900_ai_ci */;
/*!50001 CREATE ALGORITHM=UNDEFINED */
/*!50013 DEFINER=`root`@`localhost` SQL SECURITY DEFINER */
/*!50001 VIEW `subaccountview` AS select `sa`.`idsubaccount` AS `idsubaccount`,`a`.`idaccount` AS `idaccount`,`sa`.`subaccountName` AS `subaccountName`,`a`.`accountName` AS `accountName` from (`subaccount` `sa` join `accounts` `a` on((`sa`.`idaccount` = `a`.`idaccount`))) order by `a`.`accountName` desc,(case when ((`a`.`accountName` = '金融账户') and (`sa`.`subaccountName` like '%银行%')) then 1 when ((`a`.`accountName` = '信用卡') and (`sa`.`subaccountName` like '%银行%')) then 2 when (`a`.`accountName` = '信用卡') then 3 when (`a`.`accountName` = '金融账户') then 4 else 5 end),(case when (`sa`.`subaccountName` like '%银行%') then substring_index(`sa`.`subaccountName`,'（',1) else `sa`.`subaccountName` end) */;
/*!50001 SET character_set_client      = @saved_cs_client */;
/*!50001 SET character_set_results     = @saved_cs_results */;
/*!50001 SET collation_connection      = @saved_col_connection */;

--
-- Final view structure for view `subclassificationview`
--

/*!50001 DROP VIEW IF EXISTS `subclassificationview`*/;
/*!50001 SET @saved_cs_client          = @@character_set_client */;
/*!50001 SET @saved_cs_results         = @@character_set_results */;
/*!50001 SET @saved_col_connection     = @@collation_connection */;
/*!50001 SET character_set_client      = utf8mb4 */;
/*!50001 SET character_set_results     = utf8mb4 */;
/*!50001 SET collation_connection      = utf8mb4_0900_ai_ci */;
/*!50001 CREATE ALGORITHM=UNDEFINED */
/*!50013 DEFINER=`root`@`localhost` SQL SECURITY DEFINER */
/*!50001 VIEW `subclassificationview` AS select `sc`.`idsubclassification` AS `idsubclassification`,`sc`.`idclassification` AS `idclassification`,`sc`.`subclassificationName` AS `subclassificationName`,`c`.`classificationName` AS `classificationName`,`sc`.`flag` AS `flag` from (`subclassification` `sc` join `classification` `c` on((`sc`.`idclassification` = `c`.`idclassification`))) */;
/*!50001 SET character_set_client      = @saved_cs_client */;
/*!50001 SET character_set_results     = @saved_cs_results */;
/*!50001 SET collation_connection      = @saved_col_connection */;
/*!40103 SET TIME_ZONE=@OLD_TIME_ZONE */;

/*!40101 SET SQL_MODE=@OLD_SQL_MODE */;
/*!40014 SET FOREIGN_KEY_CHECKS=@OLD_FOREIGN_KEY_CHECKS */;
/*!40014 SET UNIQUE_CHECKS=@OLD_UNIQUE_CHECKS */;
/*!40101 SET CHARACTER_SET_CLIENT=@OLD_CHARACTER_SET_CLIENT */;
/*!40101 SET CHARACTER_SET_RESULTS=@OLD_CHARACTER_SET_RESULTS */;
/*!40101 SET COLLATION_CONNECTION=@OLD_COLLATION_CONNECTION */;
/*!40111 SET SQL_NOTES=@OLD_SQL_NOTES */;

-- Dump completed on 2024-02-29 22:31:57
